lat,long,subbasin
42.3038,-82.7287,0a
42.3128,-82.7287,0a
42.3128,-82.7409,0a
42.3128,-82.7532,0a
42.3128,-82.7654,0a
42.3128,-82.7777,0a
42.3219,-82.7777,0a
42.3218,-82.7899,0a
42.3218,-82.8022,0a
42.3218,-82.8144,0a
42.3309,-82.8144,0a
42.3309,-82.8267,0a
42.3309,-82.8389,0a
42.3308,-82.8512,0a
42.3399,-82.8512,0a
42.3399,-82.8634,0a
42.3399,-82.8757,0a
42.3398,-82.8879,0a
42.3489,-82.8879,0a
42.3489,-82.9002,0a
42.3489,-82.9124,0a
42.3488,-82.9247,0a
42.3579,-82.9247,0a
42.3579,-82.937,0a
42.3669,-82.937,0a
42.3669,-82.9248,0a
42.376,-82.9248,0a
42.376,-82.9125,0a
42.3851,-82.9126,0a
42.3851,-82.9003,0a
42.3941,-82.9003,0a
42.3942,-82.8881,0a
42.4032,-82.8881,0a
42.4123,-82.8881,0a
42.4213,-82.8882,0a
42.4213,-82.8759,0a
42.4304,-82.8759,0a
42.4394,-82.8759,0a
42.4485,-82.876,0a
42.4576,-82.876,0a
42.4576,-82.8637,0a
42.4666,-82.8637,0a
42.4757,-82.8638,0a
42.4757,-82.876,0a
42.4847,-82.8761,0a
42.4938,-82.8761,0a
42.5028,-82.8761,0a
42.5119,-82.8761,0a
42.5209,-82.8762,0a
42.53,-82.8762,0a
42.539,-82.8762,0a
42.5391,-82.8639,0a
42.5481,-82.8639,0a
42.5481,-82.8516,0a
42.5572,-82.8517,0a
42.5572,-82.8394,0a
42.5662,-82.8394,0a
42.5753,-82.8394,0a
42.5753,-82.8271,0a
42.5753,-82.8148,0a
42.5844,-82.8148,0a
42.5844,-82.8025,0a
42.5844,-82.7903,0a
42.5753,-82.7902,0a
42.5753,-82.7779,0a
42.5844,-82.778,0a
42.5935,-82.778,0a
42.6025,-82.778,0a
42.6116,-82.778,0a
42.6116,-82.7903,0a
42.6206,-82.7903,0a
42.6206,-82.8026,0a
42.6297,-82.8026,0a
42.6296,-82.8149,0a
42.6387,-82.8149,0a
42.6387,-82.8026,0a
42.6478,-82.8026,0a
42.6568,-82.8027,0a
42.6659,-82.8027,0a
42.6659,-82.7904,0a
42.6659,-82.778,0a
42.6659,-82.7657,0a
42.6659,-82.7534,0a
42.6659,-82.7411,0a
42.675,-82.7411,0a
42.684,-82.7411,0a
42.684,-82.7288,0a
42.684,-82.7165,0a
42.6931,-82.7165,0a
42.6931,-82.7042,0a
42.6931,-82.6918,0a
42.7021,-82.6918,0a
42.7021,-82.6795,0a
42.7021,-82.6672,0a
42.6931,-82.6672,0a
42.6931,-82.6549,0a
42.693,-82.6426,0a
42.684,-82.6426,0a
42.684,-82.6303,0a
42.684,-82.618,0a
42.6749,-82.618,0a
42.6659,-82.618,0a
42.6568,-82.618,0a
42.6478,-82.618,0a
42.6478,-82.6303,0a
42.6387,-82.6303,0a
42.6297,-82.6303,0a
42.6297,-82.6426,0a
42.6206,-82.6427,0a
42.6206,-82.6304,0a
42.6116,-82.6304,0a
42.6116,-82.6427,0a
42.6025,-82.6427,0a
42.6025,-82.655,0a
42.5935,-82.655,0a
42.5844,-82.655,0a
42.5844,-82.6673,0a
42.5754,-82.6673,0a
42.5663,-82.6673,0a
42.5663,-82.655,0a
42.5754,-82.655,0a
42.5753,-82.6427,0a
42.5844,-82.6427,0a
42.5844,-82.6304,0a
42.5934,-82.6304,0a
42.5934,-82.6181,0a
42.5844,-82.6181,0a
42.5844,-82.6058,0a
42.5753,-82.6058,0a
42.5663,-82.6058,0a
42.5663,-82.6181,0a
42.5663,-82.6304,0a
42.5663,-82.6427,0a
42.5572,-82.6427,0a
42.5572,-82.655,0a
42.5482,-82.655,0a
42.5482,-82.6427,0a
42.5572,-82.6427,0a
42.5572,-82.6304,0a
42.5572,-82.6181,0a
42.5482,-82.6182,0a
42.5391,-82.6182,0a
42.5391,-82.6059,0a
42.5391,-82.5936,0a
42.53,-82.5936,0a
42.53,-82.5813,0a
42.521,-82.5813,0a
42.5119,-82.5814,0a
42.5119,-82.5691,0a
42.5029,-82.5691,0a
42.5028,-82.5568,0a
42.5119,-82.5568,0a
42.5119,-82.5445,0a
42.5028,-82.5445,0a
42.5028,-82.5323,0a
42.5119,-82.5322,0a
42.5118,-82.52,0a
42.5028,-82.52,0a
42.5028,-82.5077,0a
42.5118,-82.5077,0a
42.5118,-82.4954,0a
42.5118,-82.4831,0a
42.5117,-82.4708,0a
42.5027,-82.4709,0a
42.5027,-82.4586,0a
42.4936,-82.4586,0a
42.4936,-82.4463,0a
42.4845,-82.4464,0a
42.4845,-82.4341,0a
42.4936,-82.4341,0a
42.4935,-82.4218,0a
42.4935,-82.4095,0a
42.4844,-82.4095,0a
42.4754,-82.4096,0a
42.4663,-82.4096,0a
42.4573,-82.4097,0a
42.4573,-82.4219,0a
42.4483,-82.422,0a
42.4392,-82.422,0a
42.4392,-82.4098,0a
42.4301,-82.4098,0a
42.4211,-82.4099,0a
42.412,-82.4099,0a
42.403,-82.4099,0a
42.4029,-82.3977,0a
42.3939,-82.3977,0a
42.3939,-82.41,0a
42.3849,-82.41,0a
42.3758,-82.4101,0a
42.3667,-82.4101,0a
42.3668,-82.4224,0a
42.3577,-82.4224,0a
42.3487,-82.4224,0a
42.3487,-82.4347,0a
42.3396,-82.4347,0a
42.3397,-82.447,0a
42.3306,-82.447,0a
42.3307,-82.4593,0a
42.3216,-82.4593,0a
42.3216,-82.4716,0a
42.3126,-82.4716,0a
42.3126,-82.4838,0a
42.3126,-82.4961,0a
42.3126,-82.5083,0a
42.3217,-82.5083,0a
42.3217,-82.5205,0a
42.3217,-82.5328,0a
42.3218,-82.545,0a
42.3218,-82.5573,0a
42.3218,-82.5695,0a
42.3218,-82.5818,0a
42.3218,-82.594,0a
42.3128,-82.594,0a
42.3128,-82.6063,0a
42.3128,-82.6185,0a
42.3128,-82.6307,0a
42.3128,-82.643,0a
42.3128,-82.6552,0a
42.3128,-82.6675,0a
42.3128,-82.6797,0a
42.3128,-82.692,0a
42.3038,-82.692,0a
42.3038,-82.7042,0a
42.3038,-82.7164,0a
42.3038,-82.7287,0a
42.6296,-82.5319,1
42.6386,-82.5319,1
42.6477,-82.5318,1
42.6567,-82.5318,1
42.6658,-82.5318,1
42.6748,-82.5318,1
42.6839,-82.5317,1
42.6929,-82.5317,1
42.702,-82.5317,1
42.702,-82.544,1
42.7111,-82.544,1
42.7111,-82.5563,1
42.7201,-82.5563,1
42.7292,-82.5563,1
42.7382,-82.5562,1
42.7473,-82.5562,1
42.7563,-82.5562,1
42.7564,-82.5685,1
42.7654,-82.5685,1
42.7745,-82.5685,1
42.7835,-82.5685,1
42.7835,-82.5808,1
42.7835,-82.5931,1
42.7926,-82.5931,1
42.7926,-82.6055,1
42.8017,-82.6054,1
42.8017,-82.6178,1
42.8017,-82.6301,1
42.8017,-82.6425,1
42.8107,-82.6424,1
42.8107,-82.6548,1
42.8108,-82.6671,1
42.8108,-82.6795,1
42.8108,-82.6918,1
42.8108,-82.7042,1
42.8198,-82.7042,1
42.8198,-82.7165,1
42.8198,-82.7288,1
42.8198,-82.7412,1
42.8289,-82.7412,1
42.8289,-82.7535,1
42.8379,-82.7535,1
42.8379,-82.7659,1
42.847,-82.7659,1
42.847,-82.7782,1
42.856,-82.7783,1
42.856,-82.7906,1
42.8651,-82.7906,1
42.865,-82.803,1
42.8741,-82.803,1
42.8741,-82.8153,1
42.8831,-82.8153,1
42.8831,-82.8277,1
42.8831,-82.8401,1
42.8922,-82.8401,1
42.8922,-82.8524,1
42.9012,-82.8525,1
42.9012,-82.8648,1
42.9102,-82.8648,1
42.9193,-82.8649,1
42.9284,-82.8649,1
42.9283,-82.8772,1
42.9374,-82.8773,1
42.9464,-82.8773,1
42.9464,-82.8897,1
42.9464,-82.902,1
42.9464,-82.9144,1
42.9464,-82.9268,1
42.9463,-82.9391,1
42.9463,-82.9515,1
42.9463,-82.9639,1
42.9372,-82.9638,1
42.9372,-82.9762,1
42.9372,-82.9886,1
42.9371,-83.0009,1
42.9462,-83.001,1
42.9462,-83.0133,1
42.9552,-83.0134,1
42.9552,-83.0258,1
42.9551,-83.0381,1
42.9461,-83.0381,1
42.9461,-83.0505,1
42.937,-83.0504,1
42.937,-83.0628,1
42.9279,-83.0627,1
42.9279,-83.0751,1
42.9278,-83.0874,1
42.9188,-83.0874,1
42.9187,-83.0998,1
42.9097,-83.0997,1
42.9096,-83.1121,1
42.9006,-83.112,1
42.9005,-83.1244,1
42.9005,-83.1367,1
42.8914,-83.1367,1
42.8914,-83.149,1
42.8914,-83.1614,1
42.8823,-83.1613,1
42.8823,-83.1737,1
42.8822,-83.186,1
42.8913,-83.1861,1
42.9003,-83.1862,1
42.9094,-83.1862,1
42.9184,-83.1863,1
42.9275,-83.1864,1
42.9365,-83.1864,1
42.9366,-83.1741,1
42.9456,-83.1741,1
42.9457,-83.1618,1
42.9547,-83.1618,1
42.9548,-83.1495,1
42.9638,-83.1495,1
42.9729,-83.1496,1
42.9819,-83.1497,1
42.9819,-83.162,1
42.9909,-83.1621,1
42.9909,-83.1745,1
42.9999,-83.1745,1
43.009,-83.1746,1
43.0089,-83.187,1
43.018,-83.1871,1
43.0271,-83.1871,1
43.027,-83.1995,1
43.0361,-83.1996,1
43.0361,-83.1872,1
43.0362,-83.1748,1
43.0362,-83.1624,1
43.0453,-83.1625,1
43.0543,-83.1626,1
43.0634,-83.1626,1
43.0633,-83.175,1
43.0724,-83.1751,1
43.0814,-83.1752,1
43.0905,-83.1752,1
43.0904,-83.1876,1
43.0995,-83.1877,1
43.1085,-83.1878,1
43.1176,-83.1878,1
43.1266,-83.1879,1
43.1357,-83.188,1
43.1447,-83.1881,1
43.1448,-83.1756,1
43.1448,-83.1632,1
43.1449,-83.1508,1
43.1358,-83.1508,1
43.1359,-83.1384,1
43.1359,-83.1259,1
43.145,-83.126,1
43.154,-83.1261,1
43.1541,-83.1137,1
43.1631,-83.1137,1
43.1632,-83.1013,1
43.1722,-83.1014,1
43.1723,-83.089,1
43.1723,-83.0765,1
43.1814,-83.0766,1
43.1814,-83.0642,1
43.1905,-83.0642,1
43.1905,-83.0518,1
43.1905,-83.0394,1
43.1815,-83.0393,1
43.1815,-83.0269,1
43.1725,-83.0269,1
43.1725,-83.0145,1
43.1634,-83.0144,1
43.1635,-83.002,1
43.1725,-83.0021,1
43.1816,-83.0021,1
43.1906,-83.0021,1
43.1997,-83.0022,1
43.2087,-83.0022,1
43.2178,-83.0023,1
43.2268,-83.0023,1
43.2359,-83.0024,1
43.2359,-83.0148,1
43.2449,-83.0148,1
43.254,-83.0149,1
43.263,-83.0149,1
43.2631,-83.0025,1
43.2721,-83.0025,1
43.2721,-82.9901,1
43.2812,-82.9901,1
43.2812,-82.9777,1
43.2903,-82.9777,1
43.2903,-82.9653,1
43.2994,-82.9653,1
43.2994,-82.9529,1
43.3084,-82.9529,1
43.3085,-82.9405,1
43.3175,-82.9405,1
43.3266,-82.9406,1
43.3356,-82.9406,1
43.3447,-82.9406,1
43.3537,-82.9407,1
43.3537,-82.9531,1
43.3628,-82.9532,1
43.3718,-82.9532,1
43.3718,-82.9407,1
43.3719,-82.9283,1
43.3809,-82.9283,1
43.3809,-82.9159,1
43.381,-82.9034,1
43.381,-82.8909,1
43.381,-82.8785,1
43.3901,-82.8785,1
43.3991,-82.8785,1
43.3991,-82.8661,1
43.4082,-82.8661,1
43.4172,-82.8661,1
43.4263,-82.8662,1
43.4353,-82.8662,1
43.4444,-82.8662,1
43.4444,-82.8537,1
43.4444,-82.8413,1
43.4535,-82.8413,1
43.4535,-82.8288,1
43.4625,-82.8288,1
43.4716,-82.8288,1
43.4807,-82.8289,1
43.4897,-82.8289,1
43.4988,-82.8289,1
43.5078,-82.8289,1
43.5169,-82.8289,1
43.5259,-82.829,1
43.535,-82.829,1
43.544,-82.829,1
43.544,-82.8415,1
43.544,-82.854,1
43.5531,-82.854,1
43.553,-82.8665,1
43.5621,-82.8665,1
43.5711,-82.8665,1
43.5802,-82.8666,1
43.5893,-82.8666,1
43.5983,-82.8666,1
43.5983,-82.8541,1
43.6074,-82.8541,1
43.6164,-82.8541,1
43.6255,-82.8542,1
43.6255,-82.8417,1
43.6345,-82.8417,1
43.6346,-82.8292,1
43.6436,-82.8292,1
43.6527,-82.8292,1
43.6617,-82.8292,1
43.6617,-82.8167,1
43.6708,-82.8167,1
43.6798,-82.8167,1
43.6889,-82.8168,1
43.6889,-82.8042,1
43.698,-82.8042,1
43.698,-82.7917,1
43.6889,-82.7917,1
43.6889,-82.7792,1
43.6799,-82.7792,1
43.6799,-82.7667,1
43.6708,-82.7667,1
43.6618,-82.7666,1
43.6618,-82.7541,1
43.6527,-82.7541,1
43.6437,-82.7541,1
43.6346,-82.7541,1
43.6346,-82.7416,1
43.6256,-82.7416,1
43.6165,-82.7416,1
43.6075,-82.7416,1
43.6075,-82.7291,1
43.5984,-82.7291,1
43.5894,-82.7291,1
43.5894,-82.7166,1
43.5803,-82.7166,1
43.5713,-82.7166,1
43.5622,-82.7166,1
43.5531,-82.7166,1
43.5441,-82.7166,1
43.535,-82.7166,1
43.526,-82.7166,1
43.526,-82.7041,1
43.5169,-82.7041,1
43.5079,-82.7041,1
43.4988,-82.7041,1
43.4988,-82.6916,1
43.4898,-82.6916,1
43.4807,-82.6916,1
43.4807,-82.6791,1
43.4717,-82.6791,1
43.4626,-82.6791,1
43.4626,-82.6667,1
43.4535,-82.6667,1
43.4535,-82.6542,1
43.4445,-82.6542,1
43.4445,-82.6417,1
43.4445,-82.6293,1
43.4354,-82.6293,1
43.4264,-82.6293,1
43.4264,-82.6168,1
43.4173,-82.6168,1
43.4083,-82.6169,1
43.4082,-82.6044,1
43.3992,-82.6044,1
43.3901,-82.6044,1
43.3901,-82.592,1
43.3811,-82.592,1
43.372,-82.592,1
43.372,-82.5796,1
43.3629,-82.5796,1
43.3539,-82.5796,1
43.3448,-82.5796,1
43.3358,-82.5796,1
43.3267,-82.5797,1
43.3267,-82.5672,1
43.3177,-82.5672,1
43.3086,-82.5672,1
43.2996,-82.5673,1
43.2905,-82.5673,1
43.2815,-82.5673,1
43.2724,-82.5673,1
43.2633,-82.5674,1
43.2543,-82.5674,1
43.2452,-82.5674,1
43.2362,-82.5674,1
43.2362,-82.5798,1
43.2271,-82.5799,1
43.2181,-82.5799,1
43.209,-82.5799,1
43.2,-82.5799,1
43.1909,-82.5799,1
43.1819,-82.58,1
43.1728,-82.58,1
43.1638,-82.58,1
43.1547,-82.58,1
43.1457,-82.58,1
43.1366,-82.5801,1
43.1366,-82.5677,1
43.1275,-82.5677,1
43.1185,-82.5677,1
43.1094,-82.5677,1
43.1004,-82.5677,1
43.0913,-82.5678,1
43.0823,-82.5678,1
43.0823,-82.5554,1
43.0732,-82.5554,1
43.0732,-82.543,1
43.0641,-82.543,1
43.0641,-82.5306,1
43.0551,-82.5307,1
43.055,-82.5183,1
43.055,-82.5059,1
43.055,-82.4935,1
43.055,-82.4811,1
43.0549,-82.4687,1
43.0549,-82.4563,1
43.0459,-82.4564,1
43.0458,-82.444,1
43.0368,-82.444,1
43.0368,-82.4316,1
43.0277,-82.4317,1
43.0277,-82.4193,1
43.0186,-82.4193,1
43.0186,-82.4069,1
43.0095,-82.407,1
43.0005,-82.407,1
42.9914,-82.4071,1
42.9824,-82.4071,1
42.9733,-82.4072,1
42.9643,-82.4072,1
42.9643,-82.4196,1
42.9552,-82.4196,1
42.9553,-82.432,1
42.9462,-82.432,1
42.9372,-82.4321,1
42.9372,-82.4444,1
42.9281,-82.4445,1
42.9191,-82.4445,1
42.91,-82.4446,1
42.901,-82.4446,1
42.8919,-82.4446,1
42.892,-82.457,1
42.8829,-82.457,1
42.8739,-82.4571,1
42.8648,-82.4571,1
42.8557,-82.4571,1
42.8467,-82.4572,1
42.8376,-82.4572,1
42.8377,-82.4696,1
42.8286,-82.4696,1
42.8196,-82.4696,1
42.8105,-82.4697,1
42.8015,-82.4697,1
42.8014,-82.4574,1
42.7924,-82.4574,1
42.7833,-82.4574,1
42.7743,-82.4575,1
42.7652,-82.4575,1
42.7562,-82.4576,1
42.7562,-82.4699,1
42.7471,-82.4699,1
42.7381,-82.47,1
42.729,-82.47,1
42.72,-82.47,1
42.72,-82.4823,1
42.7109,-82.4824,1
42.7019,-82.4824,1
42.7019,-82.4947,1
42.6929,-82.4948,1
42.6838,-82.4948,1
42.6748,-82.4948,1
42.6657,-82.4949,1
42.6566,-82.4949,1
42.6476,-82.4949,1
42.6476,-82.5072,1
42.6386,-82.5073,1
42.6295,-82.5073,1
42.6295,-82.5196,1
42.6296,-82.5319,1
42.5119,-82.5814,2
42.521,-82.5813,2
42.53,-82.5813,2
42.53,-82.5936,2
42.5391,-82.5936,2
42.5391,-82.6059,2
42.5391,-82.6182,2
42.5482,-82.6182,2
42.5572,-82.6181,2
42.5572,-82.6304,2
42.5572,-82.6427,2
42.5482,-82.6427,2
42.5482,-82.655,2
42.5572,-82.655,2
42.5663,-82.6427,2
42.5482,-82.6427,2
42.5482,-82.655,2
42.5572,-82.655,2
42.5572,-82.6427,2
42.5663,-82.6427,2
42.5663,-82.6304,2
42.5663,-82.6181,2
42.5663,-82.6058,2
42.5753,-82.6058,2
42.5844,-82.6058,2
42.5844,-82.6181,2
42.5934,-82.6181,2
42.5934,-82.6304,2
42.5844,-82.6304,2
42.5844,-82.6427,2
42.5753,-82.6427,2
42.5754,-82.655,2
42.5663,-82.655,2
42.5663,-82.6673,2
42.5754,-82.6673,2
42.5844,-82.6673,2
42.5844,-82.655,2
42.5935,-82.655,2
42.6025,-82.655,2
42.6025,-82.6427,2
42.6116,-82.6427,2
42.6116,-82.6304,2
42.6206,-82.6304,2
42.6206,-82.6427,2
42.6297,-82.6426,2
42.6297,-82.6303,2
42.6387,-82.6303,2
42.6478,-82.6303,2
42.6478,-82.618,2
42.6568,-82.618,2
42.6659,-82.618,2
42.6749,-82.618,2
42.684,-82.618,2
42.684,-82.6303,2
42.684,-82.6426,2
42.693,-82.6426,2
42.6931,-82.6549,2
42.6931,-82.6672,2
42.7021,-82.6672,2
42.7021,-82.6795,2
42.7021,-82.6918,2
42.6931,-82.6918,2
42.6931,-82.7042,2
42.6931,-82.7165,2
42.684,-82.7165,2
42.684,-82.7288,2
42.684,-82.7411,2
42.675,-82.7411,2
42.6659,-82.7411,2
42.6659,-82.7534,2
42.6659,-82.7657,2
42.6659,-82.778,2
42.6659,-82.7904,2
42.6659,-82.8027,2
42.6568,-82.8027,2
42.6478,-82.8026,2
42.6387,-82.8026,2
42.6387,-82.8149,2
42.6296,-82.8149,2
42.6297,-82.8026,2
42.6206,-82.8026,2
42.6206,-82.7903,2
42.6116,-82.7903,2
42.6115,-82.8026,2
42.6115,-82.8149,2
42.6206,-82.8149,2
42.6206,-82.8272,2
42.6206,-82.8395,2
42.6205,-82.8518,2
42.6205,-82.8641,2
42.6296,-82.8641,2
42.6386,-82.8642,2
42.6477,-82.8642,2
42.6567,-82.8642,2
42.6658,-82.8642,2
42.6658,-82.8519,2
42.6749,-82.8519,2
42.6839,-82.852,2
42.693,-82.852,2
42.693,-82.8397,2
42.693,-82.8273,2
42.7021,-82.8274,2
42.7111,-82.8274,2
42.7111,-82.8151,2
42.7202,-82.8151,2
42.7292,-82.8151,2
42.7292,-82.8028,2
42.7383,-82.8028,2
42.7473,-82.8028,2
42.7564,-82.8028,2
42.7655,-82.8028,2
42.7745,-82.8028,2
42.7836,-82.8028,2
42.7836,-82.7905,2
42.7926,-82.7905,2
42.8017,-82.7905,2
42.8017,-82.7782,2
42.8107,-82.7782,2
42.8107,-82.7659,2
42.8108,-82.7535,2
42.8198,-82.7535,2
42.8198,-82.7412,2
42.8198,-82.7288,2
42.8198,-82.7165,2
42.8198,-82.7042,2
42.8108,-82.7042,2
42.8108,-82.6918,2
42.8108,-82.6795,2
42.8108,-82.6671,2
42.8107,-82.6548,2
42.8107,-82.6424,2
42.8017,-82.6425,2
42.8017,-82.6301,2
42.8017,-82.6178,2
42.8017,-82.6054,2
42.7926,-82.6055,2
42.7926,-82.5931,2
42.7835,-82.5931,2
42.7835,-82.5808,2
42.7835,-82.5685,2
42.7745,-82.5685,2
42.7654,-82.5685,2
42.7564,-82.5685,2
42.7563,-82.5562,2
42.7473,-82.5562,2
42.7382,-82.5562,2
42.7292,-82.5563,2
42.7201,-82.5563,2
42.7111,-82.5563,2
42.7111,-82.544,2
42.702,-82.544,2
42.702,-82.5317,2
42.6929,-82.5317,2
42.6839,-82.5317,2
42.6748,-82.5318,2
42.6658,-82.5318,2
42.6567,-82.5318,2
42.6477,-82.5318,2
42.6386,-82.5319,2
42.6296,-82.5319,2
42.6295,-82.5196,2
42.6295,-82.5073,2
42.6205,-82.5073,2
42.6114,-82.5073,2
42.6114,-82.5197,2
42.6114,-82.532,2
42.6024,-82.532,2
42.6024,-82.5443,2
42.5934,-82.5443,2
42.5934,-82.5566,2
42.5843,-82.5566,2
42.5753,-82.5566,2
42.5753,-82.5689,2
42.5662,-82.569,2
42.5572,-82.569,2
42.5481,-82.569,2
42.5391,-82.569,2
42.5391,-82.5567,2
42.53,-82.5568,2
42.53,-82.569,2
42.521,-82.5691,2
42.5119,-82.5691,2
42.5119,-82.5814,2
42.448,-83.0845,3
42.4571,-83.0846,3
42.4661,-83.0847,3
42.4661,-83.0969,3
42.4751,-83.097,3
42.4842,-83.097,3
42.4841,-83.1093,3
42.4932,-83.1094,3
42.5022,-83.1094,3
42.5022,-83.1217,3
42.5113,-83.1218,3
42.5203,-83.1218,3
42.5203,-83.1341,3
42.5293,-83.1342,3
42.5384,-83.1342,3
42.5383,-83.1465,3
42.5383,-83.1588,3
42.5473,-83.1589,3
42.5473,-83.1712,3
42.5563,-83.1712,3
42.5654,-83.1713,3
42.5744,-83.1714,3
42.5835,-83.1714,3
42.5926,-83.1715,3
42.6016,-83.1716,3
42.6107,-83.1716,3
42.6197,-83.1717,3
42.6288,-83.1718,3
42.6287,-83.1841,3
42.6287,-83.1964,3
42.6286,-83.2087,3
42.6377,-83.2088,3
42.6376,-83.2211,3
42.6376,-83.2334,3
42.6375,-83.2457,3
42.6284,-83.2456,3
42.6194,-83.2455,3
42.6193,-83.2578,3
42.6103,-83.2577,3
42.6012,-83.2577,3
42.6012,-83.27,3
42.5921,-83.2699,3
42.5921,-83.2822,3
42.583,-83.2821,3
42.5829,-83.2944,3
42.592,-83.2945,3
42.5919,-83.3068,3
42.5919,-83.3191,3
42.5918,-83.3314,3
42.5827,-83.3313,3
42.5827,-83.3436,3
42.5826,-83.3559,3
42.5825,-83.3682,3
42.5916,-83.3683,3
42.5915,-83.3806,3
42.6006,-83.3806,3
42.6096,-83.3807,3
42.6096,-83.393,3
42.6186,-83.3931,3
42.6185,-83.4054,3
42.6185,-83.4178,3
42.6275,-83.4179,3
42.6366,-83.418,3
42.6365,-83.4303,3
42.6455,-83.4304,3
42.6546,-83.4305,3
42.6636,-83.4306,3
42.6727,-83.4307,3
42.6728,-83.4184,3
42.6818,-83.4185,3
42.6909,-83.4186,3
42.6999,-83.4187,3
42.6999,-83.431,3
42.7089,-83.4311,3
42.7088,-83.4434,3
42.7179,-83.4435,3
42.7269,-83.4436,3
42.7269,-83.456,3
42.7359,-83.4561,3
42.7358,-83.4684,3
42.7449,-83.4685,3
42.7448,-83.4808,3
42.7539,-83.4809,3
42.7538,-83.4933,3
42.7628,-83.4934,3
42.7719,-83.4935,3
42.772,-83.4812,3
42.781,-83.4813,3
42.7811,-83.469,3
42.7901,-83.4691,3
42.7902,-83.4567,3
42.7993,-83.4568,3
42.7994,-83.4445,3
42.8084,-83.4446,3
42.8085,-83.4323,3
42.8175,-83.4324,3
42.8176,-83.42,3
42.8177,-83.4077,3
42.8267,-83.4078,3
42.8268,-83.3954,3
42.8359,-83.3955,3
42.8359,-83.3832,3
42.845,-83.3833,3
42.8541,-83.3834,3
42.8541,-83.371,3
42.8632,-83.3711,3
42.8722,-83.3712,3
42.8813,-83.3713,3
42.8903,-83.3714,3
42.8904,-83.3591,3
42.8995,-83.3592,3
42.8995,-83.3468,3
42.9086,-83.3469,3
42.9087,-83.3345,3
42.9087,-83.3222,3
42.8997,-83.3221,3
42.8997,-83.3097,3
42.8907,-83.3097,3
42.8816,-83.3096,3
42.8726,-83.3095,3
42.8726,-83.2971,3
42.8636,-83.297,3
42.8636,-83.2847,3
42.8546,-83.2846,3
42.8547,-83.2722,3
42.8547,-83.2599,3
42.8638,-83.26,3
42.8638,-83.2476,3
42.8639,-83.2353,3
42.8729,-83.2354,3
42.873,-83.223,3
42.873,-83.2106,3
42.8731,-83.1983,3
42.8821,-83.1984,3
42.8822,-83.186,3
42.8823,-83.1737,3
42.8823,-83.1613,3
42.8914,-83.1614,3
42.8914,-83.149,3
42.8914,-83.1367,3
42.9005,-83.1367,3
42.9005,-83.1244,3
42.9006,-83.112,3
42.9096,-83.1121,3
42.9097,-83.0997,3
42.9187,-83.0998,3
42.9188,-83.0874,3
42.9278,-83.0874,3
42.9279,-83.0751,3
42.9279,-83.0627,3
42.937,-83.0628,3
42.937,-83.0504,3
42.9461,-83.0505,3
42.9461,-83.0381,3
42.9551,-83.0381,3
42.9552,-83.0258,3
42.9552,-83.0134,3
42.9462,-83.0133,3
42.9462,-83.001,3
42.9371,-83.0009,3
42.9372,-82.9886,3
42.9372,-82.9762,3
42.9372,-82.9638,3
42.9463,-82.9639,3
42.9463,-82.9515,3
42.9463,-82.9391,3
42.9464,-82.9268,3
42.9464,-82.9144,3
42.9464,-82.902,3
42.9464,-82.8897,3
42.9464,-82.8773,3
42.9374,-82.8773,3
42.9283,-82.8772,3
42.9284,-82.8649,3
42.9193,-82.8649,3
42.9102,-82.8648,3
42.9012,-82.8648,3
42.9012,-82.8525,3
42.8922,-82.8524,3
42.8922,-82.8401,3
42.8831,-82.8401,3
42.8831,-82.8277,3
42.8831,-82.8153,3
42.8741,-82.8153,3
42.8741,-82.803,3
42.865,-82.803,3
42.8651,-82.7906,3
42.856,-82.7906,3
42.856,-82.7783,3
42.847,-82.7782,3
42.847,-82.7659,3
42.8379,-82.7659,3
42.8379,-82.7535,3
42.8289,-82.7535,3
42.8289,-82.7412,3
42.8198,-82.7412,3
42.8198,-82.7535,3
42.8108,-82.7535,3
42.8107,-82.7659,3
42.8107,-82.7782,3
42.8017,-82.7782,3
42.8017,-82.7905,3
42.7926,-82.7905,3
42.7836,-82.7905,3
42.7836,-82.8028,3
42.7745,-82.8028,3
42.7655,-82.8028,3
42.7564,-82.8028,3
42.7473,-82.8028,3
42.7383,-82.8028,3
42.7292,-82.8028,3
42.7292,-82.8151,3
42.7202,-82.8151,3
42.7111,-82.8151,3
42.7111,-82.8274,3
42.7021,-82.8274,3
42.693,-82.8273,3
42.693,-82.8397,3
42.693,-82.852,3
42.6839,-82.852,3
42.6749,-82.8519,3
42.6658,-82.8519,3
42.6658,-82.8642,3
42.6567,-82.8642,3
42.6477,-82.8642,3
42.6386,-82.8642,3
42.6296,-82.8641,3
42.6205,-82.8641,3
42.6205,-82.8518,3
42.6206,-82.8395,3
42.6206,-82.8272,3
42.6206,-82.8149,3
42.6115,-82.8149,3
42.6115,-82.8026,3
42.6116,-82.7903,3
42.6116,-82.778,3
42.6025,-82.778,3
42.6025,-82.7903,3
42.5934,-82.7903,3
42.5934,-82.8026,3
42.6025,-82.8026,3
42.6025,-82.8149,3
42.6025,-82.8272,3
42.6025,-82.8395,3
42.6024,-82.8518,3
42.5934,-82.8518,3
42.5934,-82.864,3
42.5843,-82.864,3
42.5843,-82.8763,3
42.5843,-82.8886,3
42.5752,-82.8886,3
42.5752,-82.9009,3
42.5662,-82.9009,3
42.5661,-82.9132,3
42.5571,-82.9131,3
42.5571,-82.9254,3
42.548,-82.9254,3
42.539,-82.9254,3
42.5299,-82.9253,3
42.5299,-82.9376,3
42.5208,-82.9376,3
42.5208,-82.9499,3
42.5208,-82.9621,3
42.5117,-82.9621,3
42.5117,-82.9744,3
42.5026,-82.9743,3
42.5026,-82.9866,3
42.4936,-82.9866,3
42.4845,-82.9865,3
42.4845,-82.9988,3
42.4754,-82.9988,3
42.4754,-83.0111,3
42.4754,-83.0233,3
42.4753,-83.0356,3
42.4753,-83.0479,3
42.4662,-83.0478,3
42.4662,-83.0601,3
42.4571,-83.0601,3
42.4571,-83.0723,3
42.4481,-83.0723,3
42.448,-83.0845,3
42.376,-82.937,4
42.385,-82.9371,4
42.385,-82.9493,4
42.3941,-82.9494,4
42.394,-82.9616,4
42.4031,-82.9617,4
42.4031,-82.9739,4
42.403,-82.9862,4
42.403,-82.9984,4
42.403,-83.0107,4
42.412,-83.0108,4
42.412,-83.023,4
42.4119,-83.0353,4
42.4119,-83.0475,4
42.421,-83.0476,4
42.4209,-83.0599,4
42.43,-83.0599,4
42.4299,-83.0722,4
42.439,-83.0722,4
42.439,-83.0845,4
42.448,-83.0845,4
42.4481,-83.0723,4
42.4571,-83.0723,4
42.4571,-83.0601,4
42.4662,-83.0601,4
42.4662,-83.0478,4
42.4753,-83.0479,4
42.4753,-83.0356,4
42.4754,-83.0233,4
42.4754,-83.0111,4
42.4754,-82.9988,4
42.4845,-82.9988,4
42.4845,-82.9865,4
42.4936,-82.9866,4
42.5026,-82.9866,4
42.5026,-82.9743,4
42.5117,-82.9744,4
42.5117,-82.9621,4
42.5208,-82.9621,4
42.5208,-82.9499,4
42.5208,-82.9376,4
42.5299,-82.9376,4
42.5299,-82.9253,4
42.539,-82.9254,4
42.548,-82.9254,4
42.5571,-82.9254,4
42.5571,-82.9131,4
42.5661,-82.9132,4
42.5662,-82.9009,4
42.5752,-82.9009,4
42.5752,-82.8886,4
42.5843,-82.8886,4
42.5843,-82.8763,4
42.5843,-82.864,4
42.5934,-82.864,4
42.5934,-82.8518,4
42.6024,-82.8518,4
42.6025,-82.8395,4
42.6025,-82.8272,4
42.6025,-82.8149,4
42.6025,-82.8026,4
42.5934,-82.8026,4
42.5934,-82.7903,4
42.6025,-82.7903,4
42.6025,-82.778,4
42.5935,-82.778,4
42.5844,-82.778,4
42.5753,-82.7779,4
42.5753,-82.7902,4
42.5844,-82.7903,4
42.5844,-82.8025,4
42.5844,-82.8148,4
42.5753,-82.8148,4
42.5753,-82.8271,4
42.5753,-82.8394,4
42.5662,-82.8394,4
42.5572,-82.8394,4
42.5572,-82.8517,4
42.5481,-82.8516,4
42.5481,-82.8639,4
42.5391,-82.8639,4
42.539,-82.8762,4
42.53,-82.8762,4
42.5209,-82.8762,4
42.5119,-82.8761,4
42.5028,-82.8761,4
42.4938,-82.8761,4
42.4847,-82.8761,4
42.4757,-82.876,4
42.4757,-82.8638,4
42.4666,-82.8637,4
42.4576,-82.8637,4
42.4576,-82.876,4
42.4485,-82.876,4
42.4394,-82.8759,4
42.4304,-82.8759,4
42.4213,-82.8759,4
42.4213,-82.8882,4
42.4123,-82.8881,4
42.4032,-82.8881,4
42.3942,-82.8881,4
42.3941,-82.9003,4
42.3851,-82.9003,4
42.3851,-82.9126,4
42.376,-82.9125,4
42.376,-82.9248,4
42.376,-82.937,4
42.0865,-82.7164,5
42.0955,-82.7164,5
42.0955,-82.7286,5
42.0955,-82.7408,5
42.1046,-82.7408,5
42.1046,-82.753,5
42.1046,-82.7652,5
42.1136,-82.7652,5
42.1227,-82.7653,5
42.1317,-82.7653,5
42.1317,-82.7775,5
42.1408,-82.7775,5
42.1498,-82.7775,5
42.1589,-82.7775,5
42.1589,-82.7897,5
42.1679,-82.7897,5
42.1679,-82.8019,5
42.177,-82.8019,5
42.177,-82.8142,5
42.186,-82.8142,5
42.186,-82.8264,5
42.186,-82.8386,5
42.1951,-82.8386,5
42.195,-82.8509,5
42.195,-82.8631,5
42.2041,-82.8631,5
42.2041,-82.8753,5
42.2131,-82.8753,5
42.2131,-82.8876,5
42.2131,-82.8998,5
42.2131,-82.912,5
42.2221,-82.912,5
42.2221,-82.9243,5
42.2221,-82.9365,5
42.222,-82.9487,5
42.2311,-82.9488,5
42.2311,-82.961,5
42.2401,-82.961,5
42.2401,-82.9732,5
42.2491,-82.9733,5
42.2491,-82.9855,5
42.2582,-82.9856,5
42.2672,-82.9856,5
42.2763,-82.9856,5
42.2853,-82.9857,5
42.2854,-82.9734,5
42.2944,-82.9735,5
42.2944,-82.9612,5
42.3035,-82.9613,5
42.3035,-82.949,5
42.3126,-82.9491,5
42.3216,-82.9491,5
42.3307,-82.9491,5
42.3397,-82.9492,5
42.3398,-82.9369,5
42.3488,-82.9369,5
42.3579,-82.937,5
42.3579,-82.9247,5
42.3488,-82.9247,5
42.3489,-82.9124,5
42.3489,-82.9002,5
42.3489,-82.8879,5
42.3398,-82.8879,5
42.3399,-82.8757,5
42.3399,-82.8634,5
42.3399,-82.8512,5
42.3308,-82.8512,5
42.3309,-82.8389,5
42.3309,-82.8267,5
42.3309,-82.8144,5
42.3218,-82.8144,5
42.3218,-82.8022,5
42.3218,-82.7899,5
42.3219,-82.7777,5
42.3128,-82.7777,5
42.3128,-82.7654,5
42.3128,-82.7532,5
42.3128,-82.7409,5
42.3128,-82.7287,5
42.3038,-82.7287,5
42.3038,-82.7164,5
42.3038,-82.7042,5
42.3038,-82.692,5
42.3128,-82.692,5
42.3128,-82.6797,5
42.3128,-82.6675,5
42.3128,-82.6552,5
42.3128,-82.643,5
42.3128,-82.6307,5
42.3128,-82.6185,5
42.3128,-82.6063,5
42.3128,-82.594,5
42.3218,-82.594,5
42.3218,-82.5818,5
42.3218,-82.5695,5
42.3218,-82.5573,5
42.3218,-82.545,5
42.3217,-82.5328,5
42.3217,-82.5205,5
42.3217,-82.5083,5
42.3126,-82.5083,5
42.3126,-82.4961,5
42.3036,-82.4961,5
42.3035,-82.4839,5
42.2945,-82.4839,5
42.2854,-82.4839,5
42.2764,-82.484,5
42.2673,-82.484,5
42.2674,-82.4962,5
42.2583,-82.4963,5
42.2583,-82.5085,5
42.2493,-82.5085,5
42.2493,-82.5207,5
42.2402,-82.5208,5
42.2312,-82.5208,5
42.2312,-82.533,5
42.2221,-82.5331,5
42.2131,-82.5331,5
42.204,-82.5331,5
42.195,-82.5331,5
42.195,-82.5454,5
42.186,-82.5454,5
42.1769,-82.5454,5
42.1769,-82.5576,5
42.1679,-82.5576,5
42.1679,-82.5699,5
42.1588,-82.5699,5
42.1498,-82.5699,5
42.1407,-82.5699,5
42.1407,-82.5577,5
42.1316,-82.5577,5
42.1317,-82.5699,5
42.1226,-82.57,5
42.1226,-82.5822,5
42.1136,-82.5822,5
42.1136,-82.5944,5
42.1045,-82.5944,5
42.1045,-82.6066,5
42.0955,-82.6066,5
42.0955,-82.6188,5
42.0955,-82.631,5
42.0955,-82.6432,5
42.0865,-82.6432,5
42.0865,-82.6554,5
42.0865,-82.6676,5
42.0865,-82.6798,5
42.0865,-82.692,5
42.0865,-82.7042,5
42.0865,-82.7164,5
42.1316,-82.5577,6
42.1407,-82.5577,6
42.1407,-82.5699,6
42.1498,-82.5699,6
42.1588,-82.5699,6
42.1679,-82.5699,6
42.1679,-82.5576,6
42.1769,-82.5576,6
42.1769,-82.5454,6
42.186,-82.5454,6
42.195,-82.5454,6
42.195,-82.5331,6
42.204,-82.5331,6
42.2131,-82.5331,6
42.2221,-82.5331,6
42.2312,-82.533,6
42.2312,-82.5208,6
42.2402,-82.5208,6
42.2493,-82.5207,6
42.2493,-82.5085,6
42.2583,-82.5085,6
42.2583,-82.4963,6
42.2674,-82.4962,6
42.2673,-82.484,6
42.2764,-82.484,6
42.2854,-82.4839,6
42.2945,-82.4839,6
42.3035,-82.4839,6
42.3036,-82.4961,6
42.3126,-82.4961,6
42.3126,-82.4838,6
42.3126,-82.4716,6
42.3216,-82.4716,6
42.3216,-82.4593,6
42.3307,-82.4593,6
42.3306,-82.447,6
42.3397,-82.447,6
42.3396,-82.4347,6
42.3487,-82.4347,6
42.3487,-82.4224,6
42.3577,-82.4224,6
42.3668,-82.4224,6
42.3667,-82.4101,6
42.3758,-82.4101,6
42.3849,-82.41,6
42.3939,-82.41,6
42.3939,-82.3977,6
42.3938,-82.3855,6
42.4029,-82.3854,6
42.4029,-82.3732,6
42.4028,-82.3609,6
42.4119,-82.3608,6
42.4118,-82.3486,6
42.4209,-82.3485,6
42.4209,-82.3363,6
42.4208,-82.324,6
42.4299,-82.3239,6
42.4298,-82.3117,6
42.4298,-82.2994,6
42.4388,-82.2994,6
42.4388,-82.2871,6
42.4387,-82.2748,6
42.4478,-82.2748,6
42.4478,-82.2625,6
42.4477,-82.2502,6
42.4568,-82.2502,6
42.4567,-82.2379,6
42.4567,-82.2256,6
42.4657,-82.2255,6
42.4657,-82.2133,6
42.4656,-82.201,6
42.4747,-82.2009,6
42.4746,-82.1886,6
42.4745,-82.1764,6
42.4745,-82.1641,6
42.4835,-82.164,6
42.4835,-82.1517,6
42.4834,-82.1395,6
42.4925,-82.1394,6
42.4924,-82.1271,6
42.5015,-82.127,6
42.5014,-82.1147,6
42.5013,-82.1025,6
42.5104,-82.1024,6
42.5103,-82.0901,6
42.5194,-82.09,6
42.5193,-82.0777,6
42.5284,-82.0776,6
42.5283,-82.0653,6
42.5373,-82.0653,6
42.5373,-82.053,6
42.5372,-82.0407,6
42.5463,-82.0406,6
42.5462,-82.0283,6
42.5552,-82.0282,6
42.5552,-82.0159,6
42.5642,-82.0158,6
42.5733,-82.0157,6
42.5732,-82.0034,6
42.5731,-81.9911,6
42.5822,-81.991,6
42.5821,-81.9787,6
42.582,-81.9664,6
42.5911,-81.9663,6
42.591,-81.954,6
42.6,-81.9539,6
42.6,-81.9416,6
42.5999,-81.9293,6
42.6089,-81.9292,6
42.6088,-81.9169,6
42.6088,-81.9046,6
42.6178,-81.9045,6
42.6177,-81.8922,6
42.6268,-81.8921,6
42.6267,-81.8798,6
42.6357,-81.8796,6
42.6357,-81.8673,6
42.6356,-81.855,6
42.6446,-81.8549,6
42.6445,-81.8426,6
42.6444,-81.8303,6
42.6535,-81.8302,6
42.6534,-81.8178,6
42.6533,-81.8055,6
42.6532,-81.7932,6
42.6622,-81.7931,6
42.6621,-81.7808,6
42.662,-81.7685,6
42.6711,-81.7683,6
42.671,-81.756,6
42.6709,-81.7437,6
42.6799,-81.7436,6
42.689,-81.7434,6
42.6889,-81.7311,6
42.6979,-81.731,6
42.6981,-81.7433,6
42.7071,-81.7431,6
42.7162,-81.743,6
42.7252,-81.7429,6
42.7251,-81.7305,6
42.7342,-81.7304,6
42.7341,-81.7181,6
42.7339,-81.7057,6
42.7338,-81.6934,6
42.7429,-81.6933,6
42.7428,-81.6809,6
42.7518,-81.6808,6
42.7517,-81.6685,6
42.7608,-81.6683,6
42.7698,-81.6682,6
42.7697,-81.6558,6
42.7788,-81.6557,6
42.7789,-81.668,6
42.779,-81.6803,6
42.788,-81.6802,6
42.7971,-81.68,6
42.8061,-81.6799,6
42.806,-81.6676,6
42.8151,-81.6674,6
42.815,-81.6551,6
42.8149,-81.6427,6
42.8147,-81.6304,6
42.8146,-81.618,6
42.8145,-81.6057,6
42.8236,-81.6055,6
42.8234,-81.5932,6
42.8325,-81.593,6
42.8324,-81.5807,6
42.8414,-81.5805,6
42.8505,-81.5804,6
42.8504,-81.568,6
42.8502,-81.5557,6
42.8593,-81.5555,6
42.8592,-81.5431,6
42.859,-81.5308,6
42.8589,-81.5184,6
42.8588,-81.5061,6
42.8586,-81.4937,6
42.8677,-81.4936,6
42.8676,-81.4812,6
42.8766,-81.481,6
42.8765,-81.4687,6
42.8855,-81.4685,6
42.8946,-81.4683,6
42.8947,-81.4807,6
42.9038,-81.4805,6
42.9128,-81.4803,6
42.9127,-81.468,6
42.9217,-81.4678,6
42.9308,-81.4676,6
42.9307,-81.4552,6
42.9397,-81.455,6
42.9488,-81.4549,6
42.9578,-81.4547,6
42.9669,-81.4545,6
42.9759,-81.4543,6
42.9758,-81.4419,6
42.9848,-81.4417,6
42.9847,-81.4294,6
42.9937,-81.4292,6
42.9936,-81.4168,6
43.0027,-81.4166,6
43.0025,-81.4042,6
43.0116,-81.404,6
43.0114,-81.3917,6
43.0205,-81.3915,6
43.0295,-81.3913,6
43.0386,-81.3911,6
43.0384,-81.3787,6
43.0475,-81.3785,6
43.0565,-81.3783,6
43.0564,-81.3659,6
43.0654,-81.3657,6
43.0745,-81.3655,6
43.0743,-81.3531,6
43.0834,-81.3529,6
43.0925,-81.3527,6
43.1015,-81.3525,6
43.1106,-81.3523,6
43.1107,-81.3647,6
43.1197,-81.3645,6
43.1288,-81.3643,6
43.1287,-81.3519,6
43.1377,-81.3517,6
43.1376,-81.3393,6
43.1466,-81.3391,6
43.1557,-81.3389,6
43.1558,-81.3513,6
43.1649,-81.3511,6
43.1739,-81.3509,6
43.183,-81.3507,6
43.192,-81.3505,6
43.2011,-81.3503,6
43.2009,-81.3379,6
43.21,-81.3377,6
43.219,-81.3375,6
43.2189,-81.3251,6
43.2279,-81.3249,6
43.237,-81.3246,6
43.246,-81.3244,6
43.2551,-81.3242,6
43.2641,-81.324,6
43.2732,-81.3238,6
43.2822,-81.3236,6
43.2913,-81.3234,6
43.2914,-81.3358,6
43.3005,-81.3356,6
43.3095,-81.3354,6
43.3097,-81.3479,6
43.3187,-81.3477,6
43.3278,-81.3475,6
43.3368,-81.3473,6
43.3367,-81.3348,6
43.3457,-81.3346,6
43.3548,-81.3344,6
43.3638,-81.3342,6
43.3729,-81.334,6
43.3819,-81.3338,6
43.391,-81.3336,6
43.4,-81.3334,6
43.3999,-81.3209,6
43.4089,-81.3207,6
43.418,-81.3205,6
43.4178,-81.308,6
43.4177,-81.2956,6
43.4267,-81.2954,6
43.4266,-81.2829,6
43.4356,-81.2827,6
43.4447,-81.2825,6
43.4537,-81.2823,6
43.4536,-81.2698,6
43.4626,-81.2696,6
43.4717,-81.2694,6
43.4715,-81.2569,6
43.4714,-81.2444,6
43.4623,-81.2446,6
43.4621,-81.2322,6
43.4531,-81.2324,6
43.4529,-81.2199,6
43.4528,-81.2075,6
43.4618,-81.2072,6
43.4709,-81.207,6
43.4799,-81.2068,6
43.4798,-81.1943,6
43.4888,-81.1941,6
43.4886,-81.1816,6
43.4977,-81.1814,6
43.4975,-81.1689,6
43.5066,-81.1687,6
43.5156,-81.1684,6
43.5247,-81.1682,6
43.5337,-81.168,6
43.5428,-81.1677,6
43.5518,-81.1675,6
43.552,-81.18,6
43.561,-81.1798,6
43.5701,-81.1795,6
43.5791,-81.1793,6
43.5882,-81.1791,6
43.5972,-81.1788,6
43.6063,-81.1786,6
43.6153,-81.1784,6
43.6152,-81.1659,6
43.6242,-81.1656,6
43.6241,-81.1531,6
43.6239,-81.1406,6
43.6237,-81.1281,6
43.6147,-81.1284,6
43.6145,-81.1159,6
43.6143,-81.1034,6
43.6141,-81.0909,6
43.614,-81.0784,6
43.6138,-81.0659,6
43.6047,-81.0661,6
43.5957,-81.0664,6
43.5866,-81.0666,6
43.5865,-81.0541,6
43.5774,-81.0544,6
43.5684,-81.0546,6
43.5682,-81.0421,6
43.568,-81.0296,6
43.5589,-81.0299,6
43.5588,-81.0174,6
43.5586,-81.0049,6
43.5495,-81.0051,6
43.5493,-80.9927,6
43.5403,-80.9929,6
43.5401,-80.9804,6
43.5399,-80.9679,6
43.5397,-80.9555,6
43.5395,-80.943,6
43.5393,-80.9305,6
43.5392,-80.918,6
43.5482,-80.9177,6
43.548,-80.9052,6
43.5478,-80.8927,6
43.5388,-80.893,6
43.539,-80.9055,6
43.5299,-80.9058,6
43.5301,-80.9183,6
43.5211,-80.9185,6
43.512,-80.9188,6
43.503,-80.9191,6
43.4939,-80.9193,6
43.4849,-80.9196,6
43.4847,-80.9071,6
43.4845,-80.8947,6
43.4843,-80.8822,6
43.4841,-80.8697,6
43.475,-80.87,6
43.4748,-80.8575,6
43.4746,-80.845,6
43.4744,-80.8326,6
43.4654,-80.8328,6
43.4563,-80.8331,6
43.4473,-80.8334,6
43.4475,-80.8459,6
43.4384,-80.8461,6
43.4382,-80.8337,6
43.4292,-80.834,6
43.429,-80.8215,6
43.4288,-80.809,6
43.4197,-80.8093,6
43.4107,-80.8096,6
43.4016,-80.8099,6
43.3926,-80.8102,6
43.3924,-80.7977,6
43.3922,-80.7853,6
43.3919,-80.7728,6
43.3829,-80.7731,6
43.3738,-80.7734,6
43.3648,-80.7737,6
43.365,-80.7861,6
43.356,-80.7864,6
43.3469,-80.7867,6
43.3379,-80.787,6
43.3377,-80.7745,6
43.3286,-80.7748,6
43.3196,-80.7751,6
43.3193,-80.7627,6
43.3103,-80.763,6
43.3101,-80.7505,6
43.301,-80.7508,6
43.292,-80.7511,6
43.2918,-80.7387,6
43.2916,-80.7262,6
43.2825,-80.7265,6
43.2823,-80.7141,6
43.2732,-80.7144,6
43.273,-80.702,6
43.264,-80.7023,6
43.2638,-80.6898,6
43.2547,-80.6901,6
43.2545,-80.6777,6
43.2543,-80.6653,6
43.2452,-80.6656,6
43.245,-80.6532,6
43.236,-80.6535,6
43.2269,-80.6538,6
43.2267,-80.6414,6
43.2176,-80.6417,6
43.2174,-80.6292,6
43.2084,-80.6296,6
43.1993,-80.6299,6
43.1903,-80.6302,6
43.1812,-80.6305,6
43.1722,-80.6308,6
43.1724,-80.6432,6
43.1634,-80.6435,6
43.1543,-80.6438,6
43.1541,-80.6314,6
43.145,-80.6317,6
43.136,-80.632,6
43.1269,-80.6323,6
43.1179,-80.6326,6
43.1088,-80.6329,6
43.1091,-80.6453,6
43.1,-80.6456,6
43.091,-80.6459,6
43.0819,-80.6463,6
43.0729,-80.6466,6
43.0638,-80.6469,6
43.0548,-80.6472,6
43.055,-80.6596,6
43.0552,-80.6719,6
43.0462,-80.6722,6
43.0464,-80.6846,6
43.0374,-80.6849,6
43.0283,-80.6852,6
43.0285,-80.6976,6
43.0195,-80.6979,6
43.0104,-80.6982,6
43.0102,-80.6858,6
43.0012,-80.6861,6
43.0014,-80.6985,6
42.9923,-80.6988,6
42.9833,-80.6991,6
42.9742,-80.6994,6
42.9745,-80.7118,6
42.9747,-80.7241,6
42.9749,-80.7365,6
42.9658,-80.7368,6
42.966,-80.7492,6
42.9663,-80.7615,6
42.9572,-80.7618,6
42.9574,-80.7742,6
42.9484,-80.7745,6
42.9486,-80.7868,6
42.9395,-80.7871,6
42.9305,-80.7874,6
42.9307,-80.7998,6
42.9216,-80.8,6
42.9218,-80.8124,6
42.9128,-80.8127,6
42.913,-80.825,6
42.9039,-80.8253,6
42.9041,-80.8377,6
42.9043,-80.85,6
42.8953,-80.8503,6
42.8955,-80.8626,6
42.9045,-80.8624,6
42.9047,-80.8747,6
42.9138,-80.8745,6
42.914,-80.8868,6
42.923,-80.8866,6
42.9232,-80.8989,6
42.9234,-80.9113,6
42.9236,-80.9236,6
42.9238,-80.936,6
42.924,-80.9484,6
42.9242,-80.9607,6
42.9332,-80.9605,6
42.9334,-80.9728,6
42.9425,-80.9726,6
42.9427,-80.9849,6
42.9428,-80.9973,6
42.943,-81.0097,6
42.934,-81.0099,6
42.9342,-81.0223,6
42.9251,-81.0225,6
42.9253,-81.0349,6
42.9255,-81.0473,6
42.9164,-81.0475,6
42.9166,-81.0599,6
42.9168,-81.0722,6
42.917,-81.0846,6
42.9171,-81.0969,6
42.9081,-81.0972,6
42.9083,-81.1095,6
42.9084,-81.1219,6
42.9086,-81.1342,6
42.8995,-81.1345,6
42.8997,-81.1468,6
42.8999,-81.1592,6
42.8908,-81.1594,6
42.891,-81.1718,6
42.8819,-81.172,6
42.8821,-81.1844,6
42.8823,-81.1967,6
42.8824,-81.2091,6
42.8826,-81.2214,6
42.8828,-81.2338,6
42.8829,-81.2461,6
42.8831,-81.2585,6
42.8832,-81.2708,6
42.8834,-81.2832,6
42.8835,-81.2955,6
42.8837,-81.3079,6
42.8838,-81.3202,6
42.884,-81.3326,6
42.8841,-81.345,6
42.8751,-81.3452,6
42.866,-81.3454,6
42.8662,-81.3577,6
42.8571,-81.3579,6
42.8481,-81.3581,6
42.8479,-81.3458,6
42.8389,-81.346,6
42.8298,-81.3462,6
42.8297,-81.3338,6
42.8206,-81.334,6
42.8205,-81.3217,6
42.8203,-81.3093,6
42.8202,-81.297,6
42.8111,-81.2972,6
42.8021,-81.2974,6
42.793,-81.2976,6
42.784,-81.2978,6
42.7749,-81.298,6
42.7751,-81.3104,6
42.7752,-81.3227,6
42.7754,-81.335,6
42.7663,-81.3352,6
42.7665,-81.3475,6
42.7666,-81.3599,6
42.7576,-81.3601,6
42.7485,-81.3603,6
42.7487,-81.3726,6
42.7396,-81.3728,6
42.7306,-81.373,6
42.7307,-81.3853,6
42.7216,-81.3855,6
42.7218,-81.3978,6
42.7127,-81.398,6
42.7129,-81.4103,6
42.713,-81.4227,6
42.704,-81.4228,6
42.7041,-81.4352,6
42.6951,-81.4354,6
42.6952,-81.4477,6
42.6861,-81.4479,6
42.6771,-81.448,6
42.6772,-81.4604,6
42.6682,-81.4605,6
42.6683,-81.4728,6
42.6684,-81.4852,6
42.6775,-81.485,6
42.6776,-81.4973,6
42.6777,-81.5096,6
42.6687,-81.5098,6
42.6688,-81.5221,6
42.6598,-81.5223,6
42.6507,-81.5224,6
42.6417,-81.5226,6
42.6418,-81.5349,6
42.6327,-81.5351,6
42.6329,-81.5474,6
42.6238,-81.5476,6
42.6239,-81.5599,6
42.6241,-81.5722,6
42.6242,-81.5845,6
42.6243,-81.5968,6
42.6152,-81.5969,6
42.6154,-81.6092,6
42.6063,-81.6094,6
42.6064,-81.6217,6
42.6065,-81.634,6
42.6067,-81.6463,6
42.5976,-81.6464,6
42.5977,-81.6587,6
42.5887,-81.6589,6
42.5888,-81.6712,6
42.5889,-81.6835,6
42.5798,-81.6836,6
42.58,-81.6959,6
42.5801,-81.7082,6
42.5802,-81.7205,6
42.5711,-81.7207,6
42.5621,-81.7208,6
42.553,-81.721,6
42.544,-81.7211,6
42.5441,-81.7334,6
42.535,-81.7335,6
42.526,-81.7337,6
42.5169,-81.7338,6
42.5079,-81.734,6
42.508,-81.7462,6
42.4989,-81.7464,6
42.4899,-81.7465,6
42.4808,-81.7467,6
42.4717,-81.7468,6
42.4719,-81.7591,6
42.4628,-81.7592,6
42.4629,-81.7715,6
42.463,-81.7837,6
42.4631,-81.796,6
42.4632,-81.8083,6
42.4541,-81.8084,6
42.4542,-81.8207,6
42.4452,-81.8208,6
42.4453,-81.8331,6
42.4362,-81.8332,6
42.4363,-81.8455,6
42.4273,-81.8456,6
42.4274,-81.8579,6
42.4183,-81.858,6
42.4093,-81.8581,6
42.4093,-81.8704,6
42.4003,-81.8705,6
42.4004,-81.8828,6
42.4005,-81.895,6
42.3914,-81.8951,6
42.3824,-81.8952,6
42.3824,-81.9075,6
42.3825,-81.9198,6
42.3735,-81.9199,6
42.3736,-81.9321,6
42.3645,-81.9322,6
42.3646,-81.9445,6
42.3647,-81.9567,6
42.3648,-81.969,6
42.3557,-81.9691,6
42.3558,-81.9814,6
42.3467,-81.9815,6
42.3466,-81.9692,6
42.3376,-81.9693,6
42.3285,-81.9694,6
42.3286,-81.9817,6
42.3196,-81.9818,6
42.3196,-81.994,6
42.3197,-82.0063,6
42.3198,-82.0185,6
42.3107,-82.0186,6
42.3108,-82.0309,6
42.3018,-82.0309,6
42.3018,-82.0432,6
42.2928,-82.0433,6
42.2837,-82.0434,6
42.2838,-82.0556,6
42.2747,-82.0557,6
42.2748,-82.0679,6
42.2749,-82.0802,6
42.2749,-82.0924,6
42.275,-82.1047,6
42.2751,-82.1169,6
42.266,-82.117,6
42.2661,-82.1292,6
42.2661,-82.1414,6
42.2571,-82.1415,6
42.2572,-82.1538,6
42.2481,-82.1538,6
42.2482,-82.1661,6
42.2391,-82.1661,6
42.2392,-82.1784,6
42.2301,-82.1784,6
42.2302,-82.1907,6
42.2302,-82.2029,6
42.2212,-82.203,6
42.2212,-82.2152,6
42.2213,-82.2274,6
42.2213,-82.2396,6
42.2214,-82.2519,6
42.2214,-82.2641,6
42.2215,-82.2763,6
42.2215,-82.2885,6
42.2125,-82.2886,6
42.2125,-82.3008,6
42.2035,-82.3009,6
42.2035,-82.3131,6
42.2035,-82.3253,6
42.1945,-82.3254,6
42.1945,-82.3376,6
42.1946,-82.3498,6
42.1855,-82.3499,6
42.1855,-82.3621,6
42.1765,-82.3621,6
42.1765,-82.3744,6
42.1766,-82.3866,6
42.1766,-82.3988,6
42.1766,-82.411,6
42.1676,-82.4111,6
42.1676,-82.4233,6
42.1676,-82.4355,6
42.1586,-82.4355,6
42.1586,-82.4477,6
42.1586,-82.46,6
42.1496,-82.46,6
42.1496,-82.4722,6
42.1496,-82.4844,6
42.1406,-82.4844,6
42.1406,-82.4967,6
42.1316,-82.4967,6
42.1316,-82.5089,6
42.1316,-82.5211,6
42.1316,-82.5333,6
42.1316,-82.5455,6
42.1316,-82.5577,6
42.3939,-82.3977,7
42.4029,-82.3977,7
42.403,-82.4099,7
42.412,-82.4099,7
42.4211,-82.4099,7
42.4301,-82.4098,7
42.4392,-82.4098,7
42.4392,-82.422,7
42.4483,-82.422,7
42.4573,-82.4219,7
42.4573,-82.4097,7
42.4663,-82.4096,7
42.4754,-82.4096,7
42.4844,-82.4095,7
42.4935,-82.4095,7
42.4935,-82.4218,7
42.4936,-82.4341,7
42.4845,-82.4341,7
42.4845,-82.4464,7
42.4936,-82.4463,7
42.4936,-82.4586,7
42.5027,-82.4586,7
42.5027,-82.4709,7
42.5117,-82.4708,7
42.5118,-82.4831,7
42.5118,-82.4954,7
42.5118,-82.5077,7
42.5028,-82.5077,7
42.5028,-82.52,7
42.5118,-82.52,7
42.5119,-82.5322,7
42.5028,-82.5323,7
42.5028,-82.5445,7
42.5119,-82.5445,7
42.5119,-82.5568,7
42.5028,-82.5568,7
42.5029,-82.5691,7
42.5119,-82.5691,7
42.521,-82.5691,7
42.53,-82.569,7
42.53,-82.5568,7
42.5391,-82.5567,7
42.5391,-82.569,7
42.5481,-82.569,7
42.5572,-82.569,7
42.5662,-82.569,7
42.5753,-82.5689,7
42.5753,-82.5566,7
42.5843,-82.5566,7
42.5934,-82.5566,7
42.5934,-82.5443,7
42.6024,-82.5443,7
42.6024,-82.532,7
42.6114,-82.532,7
42.6114,-82.5197,7
42.6114,-82.5073,7
42.6205,-82.5073,7
42.6295,-82.5073,7
42.6386,-82.5073,7
42.6476,-82.5072,7
42.6476,-82.4949,7
42.6566,-82.4949,7
42.6657,-82.4949,7
42.6748,-82.4948,7
42.6838,-82.4948,7
42.6929,-82.4948,7
42.7019,-82.4947,7
42.7019,-82.4824,7
42.7109,-82.4824,7
42.72,-82.4823,7
42.72,-82.47,7
42.729,-82.47,7
42.7381,-82.47,7
42.7471,-82.4699,7
42.7562,-82.4699,7
42.7562,-82.4576,7
42.7652,-82.4575,7
42.7743,-82.4575,7
42.7833,-82.4574,7
42.7924,-82.4574,7
42.8014,-82.4574,7
42.8015,-82.4697,7
42.8105,-82.4697,7
42.8196,-82.4696,7
42.8286,-82.4696,7
42.8377,-82.4696,7
42.8376,-82.4572,7
42.8467,-82.4572,7
42.8557,-82.4571,7
42.8648,-82.4571,7
42.8739,-82.4571,7
42.8829,-82.457,7
42.892,-82.457,7
42.8919,-82.4446,7
42.901,-82.4446,7
42.91,-82.4446,7
42.9191,-82.4445,7
42.9281,-82.4445,7
42.9372,-82.4444,7
42.9372,-82.4321,7
42.9462,-82.432,7
42.9553,-82.432,7
42.9552,-82.4196,7
42.9643,-82.4196,7
42.9643,-82.4072,7
42.9733,-82.4072,7
42.9824,-82.4071,7
42.9914,-82.4071,7
43.0005,-82.407,7
43.0095,-82.407,7
43.0095,-82.3946,7
43.0095,-82.3822,7
43.0185,-82.3822,7
43.0185,-82.3698,7
43.0094,-82.3698,7
43.0004,-82.3699,7
42.9913,-82.3699,7
42.9823,-82.37,7
42.9822,-82.3576,7
42.9732,-82.3577,7
42.9731,-82.3453,7
42.9641,-82.3454,7
42.964,-82.333,7
42.955,-82.333,7
42.955,-82.3207,7
42.9459,-82.3207,7
42.9368,-82.3208,7
42.9278,-82.3208,7
42.9187,-82.3209,7
42.9187,-82.3085,7
42.9096,-82.3086,7
42.9096,-82.2962,7
42.9005,-82.2963,7
42.9005,-82.2839,7
42.8915,-82.284,7
42.8914,-82.2716,7
42.8914,-82.2593,7
42.8823,-82.2594,7
42.8823,-82.247,7
42.8913,-82.2469,7
42.8913,-82.2346,7
42.9003,-82.2345,7
42.9003,-82.2221,7
42.9093,-82.2221,7
42.9093,-82.2097,7
42.9183,-82.2096,7
42.9183,-82.1973,7
42.9273,-82.1972,7
42.9273,-82.1848,7
42.9363,-82.1848,7
42.9363,-82.1724,7
42.9453,-82.1723,7
42.9452,-82.1599,7
42.9452,-82.1476,7
42.9542,-82.1475,7
42.9542,-82.1351,7
42.9632,-82.135,7
42.9632,-82.1227,7
42.9631,-82.1103,7
42.963,-82.0979,7
42.963,-82.0856,7
42.972,-82.0855,7
42.972,-82.0731,7
42.9719,-82.0607,7
42.9718,-82.0483,7
42.9717,-82.036,7
42.9808,-82.0359,7
42.9807,-82.0235,7
42.9806,-82.0111,7
42.9806,-81.9987,7
42.9896,-81.9986,7
42.9895,-81.9863,7
42.9895,-81.9739,7
42.9985,-81.9738,7
42.9984,-81.9614,7
43.0075,-81.9613,7
43.0074,-81.9489,7
43.0165,-81.9488,7
43.0255,-81.9487,7
43.0254,-81.9363,7
43.0345,-81.9362,7
43.0344,-81.9238,7
43.0435,-81.9237,7
43.0434,-81.9113,7
43.0524,-81.9112,7
43.0523,-81.8988,7
43.0614,-81.8987,7
43.0613,-81.8863,7
43.0612,-81.8739,7
43.0611,-81.8615,7
43.061,-81.8491,7
43.0609,-81.8367,7
43.0519,-81.8369,7
43.0518,-81.8245,7
43.0427,-81.8246,7
43.0426,-81.8122,7
43.0425,-81.7998,7
43.0516,-81.7997,7
43.0515,-81.7873,7
43.0514,-81.7749,7
43.0513,-81.7625,7
43.0422,-81.7627,7
43.0332,-81.7628,7
43.0241,-81.7629,7
43.024,-81.7506,7
43.015,-81.7507,7
43.0059,-81.7508,7
43.0058,-81.7385,7
43.0057,-81.7261,7
42.9967,-81.7262,7
42.9966,-81.7138,7
42.9875,-81.714,7
42.9874,-81.7016,7
42.9873,-81.6892,7
42.9872,-81.6769,7
42.9871,-81.6645,7
42.987,-81.6521,7
42.996,-81.652,7
42.9959,-81.6396,7
43.0049,-81.6394,7
43.0048,-81.627,7
43.0139,-81.6269,7
43.0138,-81.6145,7
43.0136,-81.6021,7
43.0135,-81.5897,7
43.0134,-81.5774,7
43.0133,-81.565,7
43.0132,-81.5526,7
43.013,-81.5402,7
43.0129,-81.5278,7
43.0128,-81.5155,7
43.0218,-81.5153,7
43.0217,-81.5029,7
43.0308,-81.5027,7
43.0306,-81.4903,7
43.0397,-81.4902,7
43.0395,-81.4778,7
43.0394,-81.4654,7
43.0485,-81.4652,7
43.0483,-81.4528,7
43.0574,-81.4526,7
43.0572,-81.4402,7
43.0663,-81.4401,7
43.0662,-81.4277,7
43.0752,-81.4275,7
43.0751,-81.4151,7
43.0841,-81.4149,7
43.084,-81.4025,7
43.093,-81.4023,7
43.0929,-81.3899,7
43.1019,-81.3897,7
43.111,-81.3895,7
43.1108,-81.3771,7
43.1199,-81.3769,7
43.1197,-81.3645,7
43.1107,-81.3647,7
43.1106,-81.3523,7
43.1015,-81.3525,7
43.0925,-81.3527,7
43.0834,-81.3529,7
43.0743,-81.3531,7
43.0745,-81.3655,7
43.0654,-81.3657,7
43.0564,-81.3659,7
43.0565,-81.3783,7
43.0475,-81.3785,7
43.0384,-81.3787,7
43.0386,-81.3911,7
43.0295,-81.3913,7
43.0205,-81.3915,7
43.0114,-81.3917,7
43.0116,-81.404,7
43.0025,-81.4042,7
43.0027,-81.4166,7
42.9936,-81.4168,7
42.9937,-81.4292,7
42.9847,-81.4294,7
42.9848,-81.4417,7
42.9758,-81.4419,7
42.9759,-81.4543,7
42.9669,-81.4545,7
42.9578,-81.4547,7
42.9488,-81.4549,7
42.9397,-81.455,7
42.9307,-81.4552,7
42.9308,-81.4676,7
42.9217,-81.4678,7
42.9127,-81.468,7
42.9128,-81.4803,7
42.9038,-81.4805,7
42.8947,-81.4807,7
42.8946,-81.4683,7
42.8855,-81.4685,7
42.8765,-81.4687,7
42.8766,-81.481,7
42.8676,-81.4812,7
42.8677,-81.4936,7
42.8586,-81.4937,7
42.8588,-81.5061,7
42.8589,-81.5184,7
42.859,-81.5308,7
42.8592,-81.5431,7
42.8593,-81.5555,7
42.8502,-81.5557,7
42.8504,-81.568,7
42.8505,-81.5804,7
42.8414,-81.5805,7
42.8324,-81.5807,7
42.8325,-81.593,7
42.8234,-81.5932,7
42.8236,-81.6055,7
42.8145,-81.6057,7
42.8146,-81.618,7
42.8147,-81.6304,7
42.8149,-81.6427,7
42.815,-81.6551,7
42.8151,-81.6674,7
42.806,-81.6676,7
42.8061,-81.6799,7
42.7971,-81.68,7
42.788,-81.6802,7
42.779,-81.6803,7
42.7789,-81.668,7
42.7788,-81.6557,7
42.7697,-81.6558,7
42.7698,-81.6682,7
42.7608,-81.6683,7
42.7517,-81.6685,7
42.7518,-81.6808,7
42.7428,-81.6809,7
42.7429,-81.6933,7
42.7338,-81.6934,7
42.7339,-81.7057,7
42.7341,-81.7181,7
42.7342,-81.7304,7
42.7251,-81.7305,7
42.7252,-81.7429,7
42.7162,-81.743,7
42.7071,-81.7431,7
42.6981,-81.7433,7
42.6979,-81.731,7
42.6889,-81.7311,7
42.689,-81.7434,7
42.6799,-81.7436,7
42.6709,-81.7437,7
42.671,-81.756,7
42.6711,-81.7683,7
42.662,-81.7685,7
42.6621,-81.7808,7
42.6622,-81.7931,7
42.6532,-81.7932,7
42.6533,-81.8055,7
42.6534,-81.8178,7
42.6535,-81.8302,7
42.6444,-81.8303,7
42.6445,-81.8426,7
42.6446,-81.8549,7
42.6356,-81.855,7
42.6357,-81.8673,7
42.6357,-81.8796,7
42.6267,-81.8798,7
42.6268,-81.8921,7
42.6177,-81.8922,7
42.6178,-81.9045,7
42.6088,-81.9046,7
42.6088,-81.9169,7
42.6089,-81.9292,7
42.5999,-81.9293,7
42.6,-81.9416,7
42.6,-81.9539,7
42.591,-81.954,7
42.5911,-81.9663,7
42.582,-81.9664,7
42.5821,-81.9787,7
42.5822,-81.991,7
42.5731,-81.9911,7
42.5732,-82.0034,7
42.5733,-82.0157,7
42.5642,-82.0158,7
42.5552,-82.0159,7
42.5552,-82.0282,7
42.5462,-82.0283,7
42.5463,-82.0406,7
42.5372,-82.0407,7
42.5373,-82.053,7
42.5373,-82.0653,7
42.5283,-82.0653,7
42.5284,-82.0776,7
42.5193,-82.0777,7
42.5194,-82.09,7
42.5103,-82.0901,7
42.5104,-82.1024,7
42.5013,-82.1025,7
42.5014,-82.1147,7
42.5015,-82.127,7
42.4924,-82.1271,7
42.4925,-82.1394,7
42.4834,-82.1395,7
42.4835,-82.1517,7
42.4835,-82.164,7
42.4745,-82.1641,7
42.4745,-82.1764,7
42.4746,-82.1886,7
42.4747,-82.2009,7
42.4656,-82.201,7
42.4657,-82.2133,7
42.4657,-82.2255,7
42.4567,-82.2256,7
42.4567,-82.2379,7
42.4568,-82.2502,7
42.4477,-82.2502,7
42.4478,-82.2625,7
42.4478,-82.2748,7
42.4387,-82.2748,7
42.4388,-82.2871,7
42.4388,-82.2994,7
42.4298,-82.2994,7
42.4298,-82.3117,7
42.4299,-82.3239,7
42.4208,-82.324,7
42.4209,-82.3363,7
42.4209,-82.3485,7
42.4118,-82.3486,7
42.4119,-82.3608,7
42.4028,-82.3609,7
42.4029,-82.3732,7
42.4029,-82.3854,7
42.3938,-82.3855,7
42.3939,-82.3977,7
42.0865,-82.7164,9
42.0955,-82.7164,9
42.0955,-82.7286,9
42.0955,-82.7408,9
42.1046,-82.7408,9
42.1046,-82.753,9
42.1046,-82.7652,9
42.1136,-82.7652,9
42.1227,-82.7653,9
42.1317,-82.7653,9
42.1317,-82.7775,9
42.1408,-82.7775,9
42.1498,-82.7775,9
42.1589,-82.7775,9
42.1589,-82.7897,9
42.1679,-82.7897,9
42.1679,-82.8019,9
42.177,-82.8019,9
42.177,-82.8142,9
42.186,-82.8142,9
42.186,-82.8264,9
42.186,-82.8386,9
42.1951,-82.8386,9
42.195,-82.8509,9
42.195,-82.8631,9
42.2041,-82.8631,9
42.2041,-82.8753,9
42.2131,-82.8753,9
42.2131,-82.8876,9
42.2131,-82.8998,9
42.2131,-82.912,9
42.2221,-82.912,9
42.2221,-82.9243,9
42.2221,-82.9365,9
42.222,-82.9487,9
42.2311,-82.9488,9
42.2311,-82.961,9
42.2401,-82.961,9
42.2401,-82.9732,9
42.2491,-82.9733,9
42.2491,-82.9855,9
42.2582,-82.9856,9
42.2672,-82.9856,9
42.2763,-82.9856,9
42.2853,-82.9857,9
42.2854,-82.9734,9
42.2944,-82.9735,9
42.2944,-82.9612,9
42.3035,-82.9613,9
42.3035,-82.949,9
42.3126,-82.9491,9
42.3216,-82.9491,9
42.3307,-82.9491,9
42.3397,-82.9492,9
42.3398,-82.9369,9
42.3488,-82.9369,9
42.3579,-82.937,9
42.3669,-82.937,9
42.3669,-82.9248,9
42.376,-82.9248,9
42.376,-82.937,9
42.385,-82.9371,9
42.385,-82.9493,9
42.3941,-82.9494,9
42.394,-82.9616,9
42.4031,-82.9617,9
42.4031,-82.9739,9
42.403,-82.9862,9
42.403,-82.9984,9
42.403,-83.0107,9
42.412,-83.0108,9
42.412,-83.023,9
42.4119,-83.0353,9
42.4119,-83.0475,9
42.421,-83.0476,9
42.4209,-83.0599,9
42.43,-83.0599,9
42.4299,-83.0722,9
42.439,-83.0722,9
42.439,-83.0845,9
42.448,-83.0845,9
42.4571,-83.0846,9
42.4661,-83.0847,9
42.4661,-83.0969,9
42.4751,-83.097,9
42.4842,-83.097,9
42.4841,-83.1093,9
42.4932,-83.1094,9
42.5022,-83.1094,9
42.5022,-83.1217,9
42.5113,-83.1218,9
42.5203,-83.1218,9
42.5203,-83.1341,9
42.5293,-83.1342,9
42.5384,-83.1342,9
42.5383,-83.1465,9
42.5383,-83.1588,9
42.5473,-83.1589,9
42.5473,-83.1712,9
42.5563,-83.1712,9
42.5654,-83.1713,9
42.5744,-83.1714,9
42.5835,-83.1714,9
42.5926,-83.1715,9
42.6016,-83.1716,9
42.6107,-83.1716,9
42.6197,-83.1717,9
42.6288,-83.1718,9
42.6287,-83.1841,9
42.6287,-83.1964,9
42.6286,-83.2087,9
42.6377,-83.2088,9
42.6376,-83.2211,9
42.6376,-83.2334,9
42.6375,-83.2457,9
42.6284,-83.2456,9
42.6194,-83.2455,9
42.6193,-83.2578,9
42.6103,-83.2577,9
42.6012,-83.2577,9
42.6012,-83.27,9
42.5921,-83.2699,9
42.5921,-83.2822,9
42.583,-83.2821,9
42.5829,-83.2944,9
42.592,-83.2945,9
42.5919,-83.3068,9
42.5919,-83.3191,9
42.5918,-83.3314,9
42.5827,-83.3313,9
42.5827,-83.3436,9
42.5826,-83.3559,9
42.5825,-83.3682,9
42.5916,-83.3683,9
42.5915,-83.3806,9
42.6006,-83.3806,9
42.6096,-83.3807,9
42.6096,-83.393,9
42.6186,-83.3931,9
42.6185,-83.4054,9
42.6185,-83.4178,9
42.6275,-83.4179,9
42.6366,-83.418,9
42.6365,-83.4303,9
42.6455,-83.4304,9
42.6546,-83.4305,9
42.6636,-83.4306,9
42.6727,-83.4307,9
42.6728,-83.4184,9
42.6818,-83.4185,9
42.6909,-83.4186,9
42.6999,-83.4187,9
42.6999,-83.431,9
42.7089,-83.4311,9
42.7088,-83.4434,9
42.7179,-83.4435,9
42.7269,-83.4436,9
42.7269,-83.456,9
42.7359,-83.4561,9
42.7358,-83.4684,9
42.7449,-83.4685,9
42.7448,-83.4808,9
42.7539,-83.4809,9
42.7538,-83.4933,9
42.7628,-83.4934,9
42.7719,-83.4935,9
42.772,-83.4812,9
42.781,-83.4813,9
42.7811,-83.469,9
42.7901,-83.4691,9
42.7902,-83.4567,9
42.7993,-83.4568,9
42.7994,-83.4445,9
42.8084,-83.4446,9
42.8085,-83.4323,9
42.8175,-83.4324,9
42.8176,-83.42,9
42.8177,-83.4077,9
42.8267,-83.4078,9
42.8268,-83.3954,9
42.8359,-83.3955,9
42.8359,-83.3832,9
42.845,-83.3833,9
42.8541,-83.3834,9
42.8541,-83.371,9
42.8632,-83.3711,9
42.8722,-83.3712,9
42.8813,-83.3713,9
42.8903,-83.3714,9
42.8904,-83.3591,9
42.8995,-83.3592,9
42.8995,-83.3468,9
42.9086,-83.3469,9
42.9087,-83.3345,9
42.9087,-83.3222,9
42.8997,-83.3221,9
42.8997,-83.3097,9
42.8907,-83.3097,9
42.8816,-83.3096,9
42.8726,-83.3095,9
42.8726,-83.2971,9
42.8636,-83.297,9
42.8636,-83.2847,9
42.8546,-83.2846,9
42.8547,-83.2722,9
42.8547,-83.2599,9
42.8638,-83.26,9
42.8638,-83.2476,9
42.8639,-83.2353,9
42.8729,-83.2354,9
42.873,-83.223,9
42.873,-83.2106,9
42.8731,-83.1983,9
42.8821,-83.1984,9
42.8822,-83.186,9
42.8913,-83.1861,9
42.9003,-83.1862,9
42.9094,-83.1862,9
42.9184,-83.1863,9
42.9275,-83.1864,9
42.9365,-83.1864,9
42.9366,-83.1741,9
42.9456,-83.1741,9
42.9457,-83.1618,9
42.9547,-83.1618,9
42.9548,-83.1495,9
42.9638,-83.1495,9
42.9729,-83.1496,9
42.9819,-83.1497,9
42.9819,-83.162,9
42.9909,-83.1621,9
42.9909,-83.1745,9
42.9999,-83.1745,9
43.009,-83.1746,9
43.0089,-83.187,9
43.018,-83.1871,9
43.0271,-83.1871,9
43.027,-83.1995,9
43.0361,-83.1996,9
43.0361,-83.1872,9
43.0362,-83.1748,9
43.0362,-83.1624,9
43.0453,-83.1625,9
43.0543,-83.1626,9
43.0634,-83.1626,9
43.0633,-83.175,9
43.0724,-83.1751,9
43.0814,-83.1752,9
43.0905,-83.1752,9
43.0904,-83.1876,9
43.0995,-83.1877,9
43.1085,-83.1878,9
43.1176,-83.1878,9
43.1266,-83.1879,9
43.1357,-83.188,9
43.1447,-83.1881,9
43.1448,-83.1756,9
43.1448,-83.1632,9
43.1449,-83.1508,9
43.1358,-83.1508,9
43.1359,-83.1384,9
43.1359,-83.1259,9
43.145,-83.126,9
43.154,-83.1261,9
43.1541,-83.1137,9
43.1631,-83.1137,9
43.1632,-83.1013,9
43.1722,-83.1014,9
43.1723,-83.089,9
43.1723,-83.0765,9
43.1814,-83.0766,9
43.1814,-83.0642,9
43.1905,-83.0642,9
43.1905,-83.0518,9
43.1905,-83.0394,9
43.1815,-83.0393,9
43.1815,-83.0269,9
43.1725,-83.0269,9
43.1725,-83.0145,9
43.1634,-83.0144,9
43.1635,-83.002,9
43.1725,-83.0021,9
43.1816,-83.0021,9
43.1906,-83.0021,9
43.1997,-83.0022,9
43.2087,-83.0022,9
43.2178,-83.0023,9
43.2268,-83.0023,9
43.2359,-83.0024,9
43.2359,-83.0148,9
43.2449,-83.0148,9
43.254,-83.0149,9
43.263,-83.0149,9
43.2631,-83.0025,9
43.2721,-83.0025,9
43.2721,-82.9901,9
43.2812,-82.9901,9
43.2812,-82.9777,9
43.2903,-82.9777,9
43.2903,-82.9653,9
43.2994,-82.9653,9
43.2994,-82.9529,9
43.3084,-82.9529,9
43.3085,-82.9405,9
43.3175,-82.9405,9
43.3266,-82.9406,9
43.3356,-82.9406,9
43.3447,-82.9406,9
43.3537,-82.9407,9
43.3537,-82.9531,9
43.3628,-82.9532,9
43.3718,-82.9532,9
43.3718,-82.9407,9
43.3719,-82.9283,9
43.3809,-82.9283,9
43.3809,-82.9159,9
43.381,-82.9034,9
43.381,-82.8909,9
43.381,-82.8785,9
43.3901,-82.8785,9
43.3991,-82.8785,9
43.3991,-82.8661,9
43.4082,-82.8661,9
43.4172,-82.8661,9
43.4263,-82.8662,9
43.4353,-82.8662,9
43.4444,-82.8662,9
43.4444,-82.8537,9
43.4444,-82.8413,9
43.4535,-82.8413,9
43.4535,-82.8288,9
43.4625,-82.8288,9
43.4716,-82.8288,9
43.4807,-82.8289,9
43.4897,-82.8289,9
43.4988,-82.8289,9
43.5078,-82.8289,9
43.5169,-82.8289,9
43.5259,-82.829,9
43.535,-82.829,9
43.544,-82.829,9
43.544,-82.8415,9
43.544,-82.854,9
43.5531,-82.854,9
43.553,-82.8665,9
43.5621,-82.8665,9
43.5711,-82.8665,9
43.5802,-82.8666,9
43.5893,-82.8666,9
43.5983,-82.8666,9
43.5983,-82.8541,9
43.6074,-82.8541,9
43.6164,-82.8541,9
43.6255,-82.8542,9
43.6255,-82.8417,9
43.6345,-82.8417,9
43.6346,-82.8292,9
43.6436,-82.8292,9
43.6527,-82.8292,9
43.6617,-82.8292,9
43.6617,-82.8167,9
43.6708,-82.8167,9
43.6798,-82.8167,9
43.6889,-82.8168,9
43.6889,-82.8042,9
43.698,-82.8042,9
43.698,-82.7917,9
43.6889,-82.7917,9
43.6889,-82.7792,9
43.6799,-82.7792,9
43.6799,-82.7667,9
43.6708,-82.7667,9
43.6618,-82.7666,9
43.6618,-82.7541,9
43.6527,-82.7541,9
43.6437,-82.7541,9
43.6346,-82.7541,9
43.6346,-82.7416,9
43.6256,-82.7416,9
43.6165,-82.7416,9
43.6075,-82.7416,9
43.6075,-82.7291,9
43.5984,-82.7291,9
43.5894,-82.7291,9
43.5894,-82.7166,9
43.5803,-82.7166,9
43.5713,-82.7166,9
43.5622,-82.7166,9
43.5531,-82.7166,9
43.5441,-82.7166,9
43.535,-82.7166,9
43.526,-82.7166,9
43.526,-82.7041,9
43.5169,-82.7041,9
43.5079,-82.7041,9
43.4988,-82.7041,9
43.4988,-82.6916,9
43.4898,-82.6916,9
43.4807,-82.6916,9
43.4807,-82.6791,9
43.4717,-82.6791,9
43.4626,-82.6791,9
43.4626,-82.6667,9
43.4535,-82.6667,9
43.4535,-82.6542,9
43.4445,-82.6542,9
43.4445,-82.6417,9
43.4445,-82.6293,9
43.4354,-82.6293,9
43.4264,-82.6293,9
43.4264,-82.6168,9
43.4173,-82.6168,9
43.4083,-82.6169,9
43.4082,-82.6044,9
43.3992,-82.6044,9
43.3901,-82.6044,9
43.3901,-82.592,9
43.3811,-82.592,9
43.372,-82.592,9
43.372,-82.5796,9
43.3629,-82.5796,9
43.3539,-82.5796,9
43.3448,-82.5796,9
43.3358,-82.5796,9
43.3267,-82.5797,9
43.3267,-82.5672,9
43.3177,-82.5672,9
43.3086,-82.5672,9
43.2996,-82.5673,9
43.2905,-82.5673,9
43.2815,-82.5673,9
43.2724,-82.5673,9
43.2633,-82.5674,9
43.2543,-82.5674,9
43.2452,-82.5674,9
43.2362,-82.5674,9
43.2362,-82.5798,9
43.2271,-82.5799,9
43.2181,-82.5799,9
43.209,-82.5799,9
43.2,-82.5799,9
43.1909,-82.5799,9
43.1819,-82.58,9
43.1728,-82.58,9
43.1638,-82.58,9
43.1547,-82.58,9
43.1457,-82.58,9
43.1366,-82.5801,9
43.1366,-82.5677,9
43.1275,-82.5677,9
43.1185,-82.5677,9
43.1094,-82.5677,9
43.1004,-82.5677,9
43.0913,-82.5678,9
43.0823,-82.5678,9
43.0823,-82.5554,9
43.0732,-82.5554,9
43.0732,-82.543,9
43.0641,-82.543,9
43.0641,-82.5306,9
43.0551,-82.5307,9
43.055,-82.5183,9
43.055,-82.5059,9
43.055,-82.4935,9
43.055,-82.4811,9
43.0549,-82.4687,9
43.0549,-82.4563,9
43.0459,-82.4564,9
43.0458,-82.444,9
43.0368,-82.444,9
43.0368,-82.4316,9
43.0277,-82.4317,9
43.0277,-82.4193,9
43.0186,-82.4193,9
43.0186,-82.4069,9
43.0095,-82.407,9
43.0095,-82.3946,9
43.0095,-82.3822,9
43.0185,-82.3822,9
43.0185,-82.3698,9
43.0094,-82.3698,9
43.0004,-82.3699,9
42.9913,-82.3699,9
42.9823,-82.37,9
42.9822,-82.3576,9
42.9732,-82.3577,9
42.9731,-82.3453,9
42.9641,-82.3454,9
42.964,-82.333,9
42.955,-82.333,9
42.955,-82.3207,9
42.9459,-82.3207,9
42.9368,-82.3208,9
42.9278,-82.3208,9
42.9187,-82.3209,9
42.9187,-82.3085,9
42.9096,-82.3086,9
42.9096,-82.2962,9
42.9005,-82.2963,9
42.9005,-82.2839,9
42.8915,-82.284,9
42.8914,-82.2716,9
42.8914,-82.2593,9
42.8823,-82.2594,9
42.8823,-82.247,9
42.8913,-82.2469,9
42.8913,-82.2346,9
42.9003,-82.2345,9
42.9003,-82.2221,9
42.9093,-82.2221,9
42.9093,-82.2097,9
42.9183,-82.2096,9
42.9183,-82.1973,9
42.9273,-82.1972,9
42.9273,-82.1848,9
42.9363,-82.1848,9
42.9363,-82.1724,9
42.9453,-82.1723,9
42.9452,-82.1599,9
42.9452,-82.1476,9
42.9542,-82.1475,9
42.9542,-82.1351,9
42.9632,-82.135,9
42.9632,-82.1227,9
42.9631,-82.1103,9
42.963,-82.0979,9
42.963,-82.0856,9
42.972,-82.0855,9
42.972,-82.0731,9
42.9719,-82.0607,9
42.9718,-82.0483,9
42.9717,-82.036,9
42.9808,-82.0359,9
42.9807,-82.0235,9
42.9806,-82.0111,9
42.9806,-81.9987,9
42.9896,-81.9986,9
42.9895,-81.9863,9
42.9895,-81.9739,9
42.9985,-81.9738,9
42.9984,-81.9614,9
43.0075,-81.9613,9
43.0074,-81.9489,9
43.0165,-81.9488,9
43.0255,-81.9487,9
43.0254,-81.9363,9
43.0345,-81.9362,9
43.0344,-81.9238,9
43.0435,-81.9237,9
43.0434,-81.9113,9
43.0524,-81.9112,9
43.0523,-81.8988,9
43.0614,-81.8987,9
43.0613,-81.8863,9
43.0612,-81.8739,9
43.0611,-81.8615,9
43.061,-81.8491,9
43.0609,-81.8367,9
43.0519,-81.8369,9
43.0518,-81.8245,9
43.0427,-81.8246,9
43.0426,-81.8122,9
43.0425,-81.7998,9
43.0516,-81.7997,9
43.0515,-81.7873,9
43.0514,-81.7749,9
43.0513,-81.7625,9
43.0422,-81.7627,9
43.0332,-81.7628,9
43.0241,-81.7629,9
43.024,-81.7506,9
43.015,-81.7507,9
43.0059,-81.7508,9
43.0058,-81.7385,9
43.0057,-81.7261,9
42.9967,-81.7262,9
42.9966,-81.7138,9
42.9875,-81.714,9
42.9874,-81.7016,9
42.9873,-81.6892,9
42.9872,-81.6769,9
42.9871,-81.6645,9
42.987,-81.6521,9
42.996,-81.652,9
42.9959,-81.6396,9
43.0049,-81.6394,9
43.0048,-81.627,9
43.0139,-81.6269,9
43.0138,-81.6145,9
43.0136,-81.6021,9
43.0135,-81.5897,9
43.0134,-81.5774,9
43.0133,-81.565,9
43.0132,-81.5526,9
43.013,-81.5402,9
43.0129,-81.5278,9
43.0128,-81.5155,9
43.0218,-81.5153,9
43.0217,-81.5029,9
43.0308,-81.5027,9
43.0306,-81.4903,9
43.0397,-81.4902,9
43.0395,-81.4778,9
43.0394,-81.4654,9
43.0485,-81.4652,9
43.0483,-81.4528,9
43.0574,-81.4526,9
43.0572,-81.4402,9
43.0663,-81.4401,9
43.0662,-81.4277,9
43.0752,-81.4275,9
43.0751,-81.4151,9
43.0841,-81.4149,9
43.084,-81.4025,9
43.093,-81.4023,9
43.0929,-81.3899,9
43.1019,-81.3897,9
43.111,-81.3895,9
43.1108,-81.3771,9
43.1199,-81.3769,9
43.1197,-81.3645,9
43.1288,-81.3643,9
43.1287,-81.3519,9
43.1377,-81.3517,9
43.1376,-81.3393,9
43.1466,-81.3391,9
43.1557,-81.3389,9
43.1558,-81.3513,9
43.1649,-81.3511,9
43.1739,-81.3509,9
43.183,-81.3507,9
43.192,-81.3505,9
43.2011,-81.3503,9
43.2009,-81.3379,9
43.21,-81.3377,9
43.219,-81.3375,9
43.2189,-81.3251,9
43.2279,-81.3249,9
43.237,-81.3246,9
43.246,-81.3244,9
43.2551,-81.3242,9
43.2641,-81.324,9
43.2732,-81.3238,9
43.2822,-81.3236,9
43.2913,-81.3234,9
43.2914,-81.3358,9
43.3005,-81.3356,9
43.3095,-81.3354,9
43.3097,-81.3479,9
43.3187,-81.3477,9
43.3278,-81.3475,9
43.3368,-81.3473,9
43.3367,-81.3348,9
43.3457,-81.3346,9
43.3548,-81.3344,9
43.3638,-81.3342,9
43.3729,-81.334,9
43.3819,-81.3338,9
43.391,-81.3336,9
43.4,-81.3334,9
43.3999,-81.3209,9
43.4089,-81.3207,9
43.418,-81.3205,9
43.4178,-81.308,9
43.4177,-81.2956,9
43.4267,-81.2954,9
43.4266,-81.2829,9
43.4356,-81.2827,9
43.4447,-81.2825,9
43.4537,-81.2823,9
43.4536,-81.2698,9
43.4626,-81.2696,9
43.4717,-81.2694,9
43.4715,-81.2569,9
43.4714,-81.2444,9
43.4623,-81.2446,9
43.4621,-81.2322,9
43.4531,-81.2324,9
43.4529,-81.2199,9
43.4528,-81.2075,9
43.4618,-81.2072,9
43.4709,-81.207,9
43.4799,-81.2068,9
43.4798,-81.1943,9
43.4888,-81.1941,9
43.4886,-81.1816,9
43.4977,-81.1814,9
43.4975,-81.1689,9
43.5066,-81.1687,9
43.5156,-81.1684,9
43.5247,-81.1682,9
43.5337,-81.168,9
43.5428,-81.1677,9
43.5518,-81.1675,9
43.552,-81.18,9
43.561,-81.1798,9
43.5701,-81.1795,9
43.5791,-81.1793,9
43.5882,-81.1791,9
43.5972,-81.1788,9
43.6063,-81.1786,9
43.6153,-81.1784,9
43.6152,-81.1659,9
43.6242,-81.1656,9
43.6241,-81.1531,9
43.6239,-81.1406,9
43.6237,-81.1281,9
43.6147,-81.1284,9
43.6145,-81.1159,9
43.6143,-81.1034,9
43.6141,-81.0909,9
43.614,-81.0784,9
43.6138,-81.0659,9
43.6047,-81.0661,9
43.5957,-81.0664,9
43.5866,-81.0666,9
43.5865,-81.0541,9
43.5774,-81.0544,9
43.5684,-81.0546,9
43.5682,-81.0421,9
43.568,-81.0296,9
43.5589,-81.0299,9
43.5588,-81.0174,9
43.5586,-81.0049,9
43.5495,-81.0051,9
43.5493,-80.9927,9
43.5403,-80.9929,9
43.5401,-80.9804,9
43.5399,-80.9679,9
43.5397,-80.9555,9
43.5395,-80.943,9
43.5393,-80.9305,9
43.5392,-80.918,9
43.5482,-80.9177,9
43.548,-80.9052,9
43.5478,-80.8927,9
43.5388,-80.893,9
43.539,-80.9055,9
43.5299,-80.9058,9
43.5301,-80.9183,9
43.5211,-80.9185,9
43.512,-80.9188,9
43.503,-80.9191,9
43.4939,-80.9193,9
43.4849,-80.9196,9
43.4847,-80.9071,9
43.4845,-80.8947,9
43.4843,-80.8822,9
43.4841,-80.8697,9
43.475,-80.87,9
43.4748,-80.8575,9
43.4746,-80.845,9
43.4744,-80.8326,9
43.4654,-80.8328,9
43.4563,-80.8331,9
43.4473,-80.8334,9
43.4475,-80.8459,9
43.4384,-80.8461,9
43.4382,-80.8337,9
43.4292,-80.834,9
43.429,-80.8215,9
43.4288,-80.809,9
43.4197,-80.8093,9
43.4107,-80.8096,9
43.4016,-80.8099,9
43.3926,-80.8102,9
43.3924,-80.7977,9
43.3922,-80.7853,9
43.3919,-80.7728,9
43.3829,-80.7731,9
43.3738,-80.7734,9
43.3648,-80.7737,9
43.365,-80.7861,9
43.356,-80.7864,9
43.3469,-80.7867,9
43.3379,-80.787,9
43.3377,-80.7745,9
43.3286,-80.7748,9
43.3196,-80.7751,9
43.3193,-80.7627,9
43.3103,-80.763,9
43.3101,-80.7505,9
43.301,-80.7508,9
43.292,-80.7511,9
43.2918,-80.7387,9
43.2916,-80.7262,9
43.2825,-80.7265,9
43.2823,-80.7141,9
43.2732,-80.7144,9
43.273,-80.702,9
43.264,-80.7023,9
43.2638,-80.6898,9
43.2547,-80.6901,9
43.2545,-80.6777,9
43.2543,-80.6653,9
43.2452,-80.6656,9
43.245,-80.6532,9
43.236,-80.6535,9
43.2269,-80.6538,9
43.2267,-80.6414,9
43.2176,-80.6417,9
43.2174,-80.6292,9
43.2084,-80.6296,9
43.1993,-80.6299,9
43.1903,-80.6302,9
43.1812,-80.6305,9
43.1722,-80.6308,9
43.1724,-80.6432,9
43.1634,-80.6435,9
43.1543,-80.6438,9
43.1541,-80.6314,9
43.145,-80.6317,9
43.136,-80.632,9
43.1269,-80.6323,9
43.1179,-80.6326,9
43.1088,-80.6329,9
43.1091,-80.6453,9
43.1,-80.6456,9
43.091,-80.6459,9
43.0819,-80.6463,9
43.0729,-80.6466,9
43.0638,-80.6469,9
43.0548,-80.6472,9
43.055,-80.6596,9
43.0552,-80.6719,9
43.0462,-80.6722,9
43.0464,-80.6846,9
43.0374,-80.6849,9
43.0283,-80.6852,9
43.0285,-80.6976,9
43.0195,-80.6979,9
43.0104,-80.6982,9
43.0102,-80.6858,9
43.0012,-80.6861,9
43.0014,-80.6985,9
42.9923,-80.6988,9
42.9833,-80.6991,9
42.9742,-80.6994,9
42.9745,-80.7118,9
42.9747,-80.7241,9
42.9749,-80.7365,9
42.9658,-80.7368,9
42.966,-80.7492,9
42.9663,-80.7615,9
42.9572,-80.7618,9
42.9574,-80.7742,9
42.9484,-80.7745,9
42.9486,-80.7868,9
42.9395,-80.7871,9
42.9305,-80.7874,9
42.9307,-80.7998,9
42.9216,-80.8,9
42.9218,-80.8124,9
42.9128,-80.8127,9
42.913,-80.825,9
42.9039,-80.8253,9
42.9041,-80.8377,9
42.9043,-80.85,9
42.8953,-80.8503,9
42.8955,-80.8626,9
42.9045,-80.8624,9
42.9047,-80.8747,9
42.9138,-80.8745,9
42.914,-80.8868,9
42.923,-80.8866,9
42.9232,-80.8989,9
42.9234,-80.9113,9
42.9236,-80.9236,9
42.9238,-80.936,9
42.924,-80.9484,9
42.9242,-80.9607,9
42.9332,-80.9605,9
42.9334,-80.9728,9
42.9425,-80.9726,9
42.9427,-80.9849,9
42.9428,-80.9973,9
42.943,-81.0097,9
42.934,-81.0099,9
42.9342,-81.0223,9
42.9251,-81.0225,9
42.9253,-81.0349,9
42.9255,-81.0473,9
42.9164,-81.0475,9
42.9166,-81.0599,9
42.9168,-81.0722,9
42.917,-81.0846,9
42.9171,-81.0969,9
42.9081,-81.0972,9
42.9083,-81.1095,9
42.9084,-81.1219,9
42.9086,-81.1342,9
42.8995,-81.1345,9
42.8997,-81.1468,9
42.8999,-81.1592,9
42.8908,-81.1594,9
42.891,-81.1718,9
42.8819,-81.172,9
42.8821,-81.1844,9
42.8823,-81.1967,9
42.8824,-81.2091,9
42.8826,-81.2214,9
42.8828,-81.2338,9
42.8829,-81.2461,9
42.8831,-81.2585,9
42.8832,-81.2708,9
42.8834,-81.2832,9
42.8835,-81.2955,9
42.8837,-81.3079,9
42.8838,-81.3202,9
42.884,-81.3326,9
42.8841,-81.345,9
42.8751,-81.3452,9
42.866,-81.3454,9
42.8662,-81.3577,9
42.8571,-81.3579,9
42.8481,-81.3581,9
42.8479,-81.3458,9
42.8389,-81.346,9
42.8298,-81.3462,9
42.8297,-81.3338,9
42.8206,-81.334,9
42.8205,-81.3217,9
42.8203,-81.3093,9
42.8202,-81.297,9
42.8111,-81.2972,9
42.8021,-81.2974,9
42.793,-81.2976,9
42.784,-81.2978,9
42.7749,-81.298,9
42.7751,-81.3104,9
42.7752,-81.3227,9
42.7754,-81.335,9
42.7663,-81.3352,9
42.7665,-81.3475,9
42.7666,-81.3599,9
42.7576,-81.3601,9
42.7485,-81.3603,9
42.7487,-81.3726,9
42.7396,-81.3728,9
42.7306,-81.373,9
42.7307,-81.3853,9
42.7216,-81.3855,9
42.7218,-81.3978,9
42.7127,-81.398,9
42.7129,-81.4103,9
42.713,-81.4227,9
42.704,-81.4228,9
42.7041,-81.4352,9
42.6951,-81.4354,9
42.6952,-81.4477,9
42.6861,-81.4479,9
42.6771,-81.448,9
42.6772,-81.4604,9
42.6682,-81.4605,9
42.6683,-81.4728,9
42.6684,-81.4852,9
42.6775,-81.485,9
42.6776,-81.4973,9
42.6777,-81.5096,9
42.6687,-81.5098,9
42.6688,-81.5221,9
42.6598,-81.5223,9
42.6507,-81.5224,9
42.6417,-81.5226,9
42.6418,-81.5349,9
42.6327,-81.5351,9
42.6329,-81.5474,9
42.6238,-81.5476,9
42.6239,-81.5599,9
42.6241,-81.5722,9
42.6242,-81.5845,9
42.6243,-81.5968,9
42.6152,-81.5969,9
42.6154,-81.6092,9
42.6063,-81.6094,9
42.6064,-81.6217,9
42.6065,-81.634,9
42.6067,-81.6463,9
42.5976,-81.6464,9
42.5977,-81.6587,9
42.5887,-81.6589,9
42.5888,-81.6712,9
42.5889,-81.6835,9
42.5798,-81.6836,9
42.58,-81.6959,9
42.5801,-81.7082,9
42.5802,-81.7205,9
42.5711,-81.7207,9
42.5621,-81.7208,9
42.553,-81.721,9
42.544,-81.7211,9
42.5441,-81.7334,9
42.535,-81.7335,9
42.526,-81.7337,9
42.5169,-81.7338,9
42.5079,-81.734,9
42.508,-81.7462,9
42.4989,-81.7464,9
42.4899,-81.7465,9
42.4808,-81.7467,9
42.4717,-81.7468,9
42.4719,-81.7591,9
42.4628,-81.7592,9
42.4629,-81.7715,9
42.463,-81.7837,9
42.4631,-81.796,9
42.4632,-81.8083,9
42.4541,-81.8084,9
42.4542,-81.8207,9
42.4452,-81.8208,9
42.4453,-81.8331,9
42.4362,-81.8332,9
42.4363,-81.8455,9
42.4273,-81.8456,9
42.4274,-81.8579,9
42.4183,-81.858,9
42.4093,-81.8581,9
42.4093,-81.8704,9
42.4003,-81.8705,9
42.4004,-81.8828,9
42.4005,-81.895,9
42.3914,-81.8951,9
42.3824,-81.8952,9
42.3824,-81.9075,9
42.3825,-81.9198,9
42.3735,-81.9199,9
42.3736,-81.9321,9
42.3645,-81.9322,9
42.3646,-81.9445,9
42.3647,-81.9567,9
42.3648,-81.969,9
42.3557,-81.9691,9
42.3558,-81.9814,9
42.3467,-81.9815,9
42.3466,-81.9692,9
42.3376,-81.9693,9
42.3285,-81.9694,9
42.3286,-81.9817,9
42.3196,-81.9818,9
42.3196,-81.994,9
42.3197,-82.0063,9
42.3198,-82.0185,9
42.3107,-82.0186,9
42.3108,-82.0309,9
42.3018,-82.0309,9
42.3018,-82.0432,9
42.2928,-82.0433,9
42.2837,-82.0434,9
42.2838,-82.0556,9
42.2747,-82.0557,9
42.2748,-82.0679,9
42.2749,-82.0802,9
42.2749,-82.0924,9
42.275,-82.1047,9
42.2751,-82.1169,9
42.266,-82.117,9
42.2661,-82.1292,9
42.2661,-82.1414,9
42.2571,-82.1415,9
42.2572,-82.1538,9
42.2481,-82.1538,9
42.2482,-82.1661,9
42.2391,-82.1661,9
42.2392,-82.1784,9
42.2301,-82.1784,9
42.2302,-82.1907,9
42.2302,-82.2029,9
42.2212,-82.203,9
42.2212,-82.2152,9
42.2213,-82.2274,9
42.2213,-82.2396,9
42.2214,-82.2519,9
42.2214,-82.2641,9
42.2215,-82.2763,9
42.2215,-82.2885,9
42.2125,-82.2886,9
42.2125,-82.3008,9
42.2035,-82.3009,9
42.2035,-82.3131,9
42.2035,-82.3253,9
42.1945,-82.3254,9
42.1945,-82.3376,9
42.1946,-82.3498,9
42.1855,-82.3499,9
42.1855,-82.3621,9
42.1765,-82.3621,9
42.1765,-82.3744,9
42.1766,-82.3866,9
42.1766,-82.3988,9
42.1766,-82.411,9
42.1676,-82.4111,9
42.1676,-82.4233,9
42.1676,-82.4355,9
42.1586,-82.4355,9
42.1586,-82.4477,9
42.1586,-82.46,9
42.1496,-82.46,9
42.1496,-82.4722,9
42.1496,-82.4844,9
42.1406,-82.4844,9
42.1406,-82.4967,9
42.1316,-82.4967,9
42.1316,-82.5089,9
42.1316,-82.5211,9
42.1316,-82.5333,9
42.1316,-82.5455,9
42.1316,-82.5577,9
42.1317,-82.5699,9
42.1226,-82.57,9
42.1226,-82.5822,9
42.1136,-82.5822,9
42.1136,-82.5944,9
42.1045,-82.5944,9
42.1045,-82.6066,9
42.0955,-82.6066,9
42.0955,-82.6188,9
42.0955,-82.631,9
42.0955,-82.6432,9
42.0865,-82.6432,9
42.0865,-82.6554,9
42.0865,-82.6676,9
42.0865,-82.6798,9
42.0865,-82.692,9
42.0865,-82.7042,9
42.0865,-82.7164,9
